ts,quote,balance_estimated,pnl_24h,pnl_7d,pnl_30d,fees_24h,closed_trades_24h,win_rate_24h,profit_factor_24h
2026-03-09 07:27:26,USDT,59.59904681,-0.48895782,-4.23596828,-4.11231705,1.77886872,106,0.39622642,1.17107148
2026-03-09 07:33:18,USDT,59.50146414,-0.48639558,-4.22987426,-4.10570845,1.77630648,106,0.39622642,1.17161576
2026-03-09 07:39:11,USDT,59.39597824,-0.48683911,-4.22985789,-4.10582613,1.77675001,106,0.39622642,1.17152722
2026-03-09 07:45:03,USDT,59.37232635,-0.49241086,-4.23357479,-4.10914408,1.78232176,106,0.39622642,1.17204057
2026-03-09 07:50:57,USDT,59.35415269,-0.49264290,-4.23371865,-4.10931092,1.78255380,106,0.39622642,1.17199187
2026-03-09 07:56:48,USDT,59.32227906,-0.49210984,-4.23186127,-4.10730635,1.78202074,106,0.39622642,1.17210473
2026-03-09 08:02:43,USDT,59.42076709,-0.49418178,-4.23622664,-4.11193770,1.78409268,106,0.39622642,1.17166161
2026-03-09 08:08:34,USDT,59.45120659,-0.49525144,-4.23797504,-4.11375920,1.78516234,106,0.39622642,1.17143245
2026-03-09 08:14:32,USDT,59.41462145,-0.49423726,-4.23640182,-4.11212226,1.78414816,106,0.39622642,1.17164987
2026-03-09 08:20:24,USDT,59.06609205,-0.74968975,-4.48946685,-4.38332259,1.81449565,109,0.38532110,1.06684463
2026-03-09 08:26:14,USDT,59.16579595,-0.75060543,-4.49243995,-4.38651627,1.81541133,109,0.38532110,1.06667552
2026-03-09 08:32:03,USDT,59.13556500,-0.75089852,-4.49150735,-4.38541909,1.81570442,109,0.38532110,1.06661787
2026-03-09 08:37:54,USDT,59.29909795,-0.72599567,-4.47557580,-4.37159031,1.83765157,110,0.39090909,1.07993896
2026-03-09 08:43:45,USDT,59.26121924,-0.72579861,-4.47473710,-4.37070917,1.83745451,110,0.39090909,1.07997611
2026-03-09 08:49:42,USDT,59.26077871,-0.72567093,-4.47437727,-4.37025148,1.83732683,110,0.39090909,1.07999740
2026-03-09 08:55:34,USDT,59.37867016,-0.72828707,-4.48039120,-4.37666151,1.83994297,110,0.39090909,1.07951020
2026-03-09 09:01:30,USDT,59.35219962,-0.69776293,-4.45578446,-4.44059886,1.85840183,111,0.39639640,1.09425594
2026-03-09 09:07:25,USDT,59.38425262,-0.69987843,-4.45889762,-4.44378029,1.86051733,111,0.39639640,1.09385557
2026-03-09 09:13:22,USDT,59.35297889,-0.69889676,-4.45646021,-4.44107901,1.85953566,111,0.39639640,1.09403580
2026-03-09 09:19:14,USDT,59.47595502,-0.70159756,-4.46164028,-4.44661748,1.86223646,111,0.39639640,1.09353058
2026-03-09 09:25:02,USDT,59.56550030,-0.56695799,-4.32554333,-4.26604167,1.88796589,114,0.41228070,1.14338760
2026-03-09 09:31:01,USDT,59.58662215,-0.57187354,-4.33202089,-4.27273448,1.89288144,114,0.41228070,1.14242736
2026-03-09 09:36:52,USDT,59.56614704,-0.57217261,-4.33008280,-4.27042499,1.89318051,114,0.41228070,1.14236023
2026-03-09 09:42:41,USDT,59.63581477,-0.48012099,-4.23125082,-4.06428351,1.91490629,115,0.41739130,1.17732598
2026-03-09 09:48:33,USDT,59.63576132,-0.47664573,-4.22465568,-4.05725574,1.91143103,115,0.41739130,1.17801565
2026-03-09 09:54:26,USDT,59.63573249,-0.47580660,-4.22283090,-4.05525303,1.91059190,115,0.41739130,1.17818046
2026-03-09 10:00:24,USDT,59.63311296,-0.48780467,-4.23568748,-4.06825290,1.92258997,115,0.41739130,1.17820851
2026-03-09 10:06:12,USDT,59.64734899,-0.49125488,-4.24100981,-4.07373196,1.92604018,115,0.41739130,1.17751770
2026-03-09 10:12:11,USDT,59.67312723,-0.44764510,-4.20074309,-4.03375595,1.94410040,116,0.42241379,1.19469474
2026-03-09 10:18:00,USDT,59.63213031,-0.46412974,-4.21426592,-4.04680273,1.96058504,116,0.42241379,1.19549012
2026-03-09 10:23:54,USDT,59.53168077,-0.48533664,-4.23206045,-4.06417332,1.98179194,116,0.42241379,1.19610515
2026-03-09 10:29:46,USDT,59.83488209,-0.41517154,-4.16851215,-3.96508808,2.04102684,119,0.43697479,1.23312471
2026-03-09 10:35:39,USDT,59.88707071,-0.38281352,-4.13904177,-3.93561334,2.07121882,120,0.44166667,1.25240008
2026-03-09 10:41:31,USDT,59.70975523,-0.21539552,-3.94909607,-3.56709184,2.11895482,122,0.45081967,1.32329536
2026-03-09 10:47:20,USDT,60.04847446,-0.24179705,-3.98036748,-3.59829814,2.14563635,124,0.44354839,1.31725145
2026-03-09 10:53:10,USDT,59.88729501,-0.29357947,-4.01294913,-3.44507501,2.19031677,127,0.43307087,1.30064491
2026-03-09 10:59:02,USDT,59.87588471,-0.29319126,-4.01304923,-3.44531917,2.18992856,127,0.43307087,1.30073951
2026-03-09 11:04:50,USDT,59.88203391,-0.29283236,-4.01274616,-3.44496603,2.18956966,127,0.43307087,1.30080864
2026-03-09 11:10:43,USDT,59.70094407,-0.33196898,-4.04753185,-3.48250483,2.20514668,129,0.43410853,1.27966790
2026-03-09 11:16:31,USDT,59.76704977,-0.35153737,-4.06952970,-3.50474970,2.22471507,129,0.43410853,1.27933285
2026-03-09 11:22:25,USDT,59.89701782,-0.21399445,-3.93833754,-3.37493834,2.25829215,131,0.44274809,1.33274236
2026-03-09 11:28:19,USDT,59.86446569,-0.21335628,-3.93690133,-3.37339681,2.25765398,131,0.44274809,1.33285927
2026-03-09 11:34:15,USDT,59.88689268,-0.21482730,-3.93894066,-3.37544671,2.25912500,131,0.44274809,1.33255669
2026-03-09 11:40:09,USDT,59.92788763,-0.21779745,-3.94452012,-3.38120598,2.26209515,131,0.44274809,1.33196167
2026-03-09 11:46:00,USDT,59.95186867,-0.21897836,-3.94619426,-3.38290919,2.26327606,131,0.44274809,1.33172482
2026-03-09 11:51:48,USDT,59.95596536,-0.22690463,-3.95338321,-3.38993748,2.27120233,131,0.44274809,1.33199844
2026-03-09 11:57:41,USDT,59.87196496,-0.22237857,-3.94627087,-3.38262516,2.26667627,131,0.44274809,1.33290621
2026-03-09 12:03:33,USDT,59.77224238,-0.25965285,-3.97929262,-3.37477865,2.30097155,132,0.43939394,1.32756259
2026-03-09 12:09:24,USDT,59.80799686,-0.25967489,-3.97949390,-3.37493814,2.30099359,132,0.43939394,1.32755169
2026-03-09 12:15:15,USDT,59.83870095,-0.26047139,-3.98003796,-3.37518630,2.30179009,132,0.43939394,1.32736465
2026-03-09 12:21:06,USDT,59.70179748,-0.25859947,-3.97553888,-3.37034239,2.29991817,132,0.43939394,1.32771183
2026-03-09 12:26:57,USDT,59.80693552,-0.26315433,-3.98202471,-3.37706879,2.30447303,132,0.43939394,1.32680906
2026-03-09 12:32:47,USDT,59.73041767,-0.26394414,-3.98101337,-3.37577017,2.30526284,132,0.43939394,1.32661826
2026-03-09 12:38:37,USDT,59.59153301,-0.25804398,-3.97110283,-3.36536439,2.29936268,132,0.43939394,1.32776755
2026-03-09 12:44:27,USDT,59.55922679,-0.25841193,-3.97054798,-3.36469046,2.29973063,132,0.43939394,1.32767978
2026-03-09 12:50:22,USDT,59.62692428,-0.26444212,-3.97853933,-3.37298131,2.30576082,132,0.43939394,1.32648078
2026-03-09 12:56:14,USDT,59.76079722,-0.26731324,-4.23549132,-3.37788509,2.30863194,132,0.43939394,1.32591302
2026-03-09 13:02:06,USDT,59.69519106,-0.26946264,-4.23617778,-3.37845816,2.31078134,132,0.43939394,1.32546340
2026-03-09 13:07:57,USDT,59.84338026,-0.27329875,-4.24404821,-3.38682623,2.31461745,132,0.43939394,1.32473582
2026-03-09 13:13:50,USDT,59.68148265,-0.26619782,-4.21413655,-3.37543920,2.30751652,132,0.43939394,1.32614188
2026-03-09 13:19:41,USDT,59.68969418,-0.28326139,-4.23127847,-3.38188852,2.32476809,133,0.43609023,1.32223056
2026-03-09 13:25:37,USDT,59.73267273,-0.28770473,-4.23723787,-3.38807957,2.32921143,133,0.43609023,1.32134966
2026-03-09 13:31:29,USDT,59.78269831,-0.22100643,-4.00656456,-3.32210176,2.34041313,134,0.44029851,1.34539391
2026-03-09 13:37:19,USDT,59.71943818,-0.21721236,-4.00128258,-3.31664625,2.33661906,134,0.44029851,1.34615952
2026-03-09 13:43:10,USDT,59.82926227,-0.21914032,-4.00569209,-3.32141430,2.33854702,134,0.44029851,1.34579443
2026-03-09 13:48:56,USDT,0.00000000,-0.11190861,-1.38512546,-1.80119302,0.60646861,42,0.40476190,1.24270009
2026-03-09 13:54:53,USDT,0.00000000,-0.11296549,-1.38751821,-1.80395513,0.60752549,42,0.40476190,1.24208128
2026-03-09 13:58:22,USDT,59.83909944,-0.16296693,-3.94844825,-3.26325494,2.34238363,135,0.44444444,1.36511507
2026-03-09 14:04:11,USDT,59.85176730,-0.16315550,-3.94905549,-3.26393292,2.34257220,135,0.44444444,1.36507930
2026-03-09 14:10:01,USDT,59.89000557,-0.16533954,-3.95274386,-3.26793018,2.34475624,135,0.44444444,1.36465576
2026-03-09 14:15:48,USDT,59.89341365,-0.16617171,-3.95408997,-3.26940516,2.34558841,135,0.44444444,1.36449579
2026-03-09 14:21:37,USDT,59.80800305,-0.17274430,-3.95860640,-3.27371708,2.35216100,135,0.44444444,1.36506568
2026-03-09 14:27:30,USDT,59.67949273,-0.16843757,-3.95139262,-3.26599997,2.34785427,135,0.44444444,1.36591118
2026-03-09 14:33:20,USDT,59.73861112,-0.16721786,-3.95003014,-3.26464190,2.34663456,135,0.44444444,1.36616764
2026-03-09 14:39:12,USDT,59.51653587,-0.16451550,-3.94371353,-3.25785437,2.34393220,135,0.44444444,1.36668498
2026-03-09 14:45:03,USDT,59.42807655,-0.53320642,-4.30554303,-3.54188134,2.40049662,137,0.43795620,1.22051561
2026-03-09 14:50:53,USDT,59.47533832,-0.53267453,-4.30613114,-3.54260717,2.39996473,137,0.43795620,1.22062060
2026-03-09 14:56:43,USDT,59.56519098,-0.53634713,-4.31223032,-3.54910890,2.40363733,137,0.43795620,1.22001336
2026-03-09 15:02:34,USDT,59.46472460,-0.53608302,-4.30984601,-3.54641002,2.40337322,137,0.43795620,1.22003198
2026-03-09 15:08:26,USDT,59.29134165,-0.55590194,-4.33048006,-3.64163668,2.41655414,138,0.43478261,1.21481720
2026-03-09 15:14:18,USDT,59.41061840,-0.55667668,-4.33368782,-3.64514395,2.41732888,138,0.43478261,1.21470481
2026-03-09 15:20:07,USDT,59.54194387,-0.50855490,-4.28993956,-3.60588791,2.43108010,139,0.43884892,1.23065230
2026-03-09 15:26:02,USDT,59.52483478,-0.51509178,-4.29490597,-3.61054073,2.43761698,139,0.43884892,1.23101743
2026-03-09 15:31:59,USDT,59.58963122,-0.51836267,-4.30051144,-3.61666997,2.44088787,139,0.43884892,1.23049020
2026-03-09 15:37:50,USDT,59.53212501,-0.51647059,-4.29730184,-3.61324666,2.43899579,139,0.43884892,1.23080362
2026-03-09 15:43:44,USDT,59.48563740,-0.51461917,-4.29469436,-3.61058885,2.43714437,139,0.43884892,1.23112290
2026-03-09 15:49:31,USDT,59.44527674,-0.50981601,-4.28890350,-3.60454099,2.43234121,139,0.43884892,1.23193893
2026-03-09 15:55:20,USDT,59.41707965,-0.50871279,-4.28693067,-3.60237560,2.43123799,139,0.43884892,1.23211636
2026-03-09 16:01:12,USDT,59.44116810,-1.05410927,-4.28774954,-3.60327816,2.38532487,139,0.40287770,1.04455668
2026-03-09 16:07:04,USDT,59.34891721,-1.05189846,-4.28383646,-3.59899636,2.38311406,139,0.40287770,1.04488722
2026-03-09 16:12:55,USDT,59.41189116,-1.05383113,-4.28698218,-3.60231475,2.38504673,139,0.40287770,1.04458804
2026-03-09 16:18:47,USDT,59.34468186,-1.05377386,-4.28650672,-3.60182409,2.38498946,139,0.40287770,1.04459506
2026-03-09 16:24:40,USDT,59.84589834,-0.92007500,-4.17516856,-3.62795388,2.42536440,141,0.41134752,1.08839078
2026-03-09 16:30:32,USDT,60.03808518,-0.80274089,-4.06829344,-3.52248570,2.47370029,143,0.41958042,1.13239300
2026-03-09 16:36:25,USDT,59.64828918,-0.84651980,-4.10194159,-3.55361316,2.51267920,145,0.41379310,1.12798893
2026-03-09 16:42:14,USDT,59.54474349,-1.02503589,-4.24745160,-3.39291735,2.53475649,149,0.40268456,1.06734319
2026-03-09 16:48:05,USDT,59.53571362,-1.02587933,-4.24896738,-3.39437193,2.53559993,149,0.40268456,1.06721235
2026-03-09 16:53:58,USDT,59.54570712,-1.02535900,-4.22982339,-3.39305996,2.53507960,149,0.40268456,1.06728913
2026-03-09 16:59:49,USDT,59.54393979,-1.03561654,-4.24141789,-3.40489549,2.54533714,149,0.40268456,1.06704745
2026-03-09 17:05:34,USDT,59.53231132,-1.03522459,-4.24072017,-3.40406319,2.54494519,149,0.40268456,1.06710157
2026-03-09 17:11:28,USDT,59.53788129,-1.01701292,-4.24003913,-3.40314988,2.52673352,147,0.40816327,1.07283789
2026-03-09 17:17:19,USDT,59.54562903,-1.01803498,-4.24135544,-3.40462516,2.52775558,147,0.40816327,1.07268649
2026-03-09 17:23:11,USDT,59.53178802,-1.01675278,-4.23930921,-3.40245385,2.52647338,147,0.40816327,1.07287605
2026-03-09 17:29:03,USDT,59.52163370,-1.07551090,-4.24897437,-3.41215378,2.51732750,147,0.40136054,1.05288980
2026-03-09 17:34:56,USDT,59.35532554,-1.08581176,-4.25538026,-3.41790038,2.52762836,147,0.40136054,1.05348189
2026-03-09 17:40:50,USDT,59.36256398,-1.21277681,-4.41716891,-3.57973545,2.51375341,147,0.40136054,1.01861014
2026-03-09 17:46:42,USDT,59.35976245,-1.21238004,-4.41677078,-3.57934174,2.51335664,147,0.40136054,1.01866539
2026-03-09 17:52:30,USDT,59.24705988,-1.10892522,-4.41157038,-3.57372224,2.50148982,147,0.40136054,1.04611879
2026-03-09 17:58:21,USDT,59.50332342,-1.00073986,-4.42418020,-3.58719044,2.49111646,147,0.40136054,1.07572404
2026-03-09 18:04:15,USDT,59.54296894,-0.95948302,-4.42830842,-3.59162591,2.48495962,147,0.40136054,1.08676042
2026-03-09 18:10:03,USDT,59.56744333,-0.86207005,-4.43107790,-3.59453008,2.46829665,146,0.40410959,1.11683664
2026-03-09 18:15:49,USDT,59.54038618,-0.56132971,-4.43058032,-3.59391097,2.39877631,138,0.42753623,1.21744073
2026-03-09 18:21:38,USDT,59.47862230,-0.56011398,-4.42793746,-3.59105714,2.39756058,138,0.42753623,1.21765672
2026-03-09 18:27:26,USDT,59.42889927,-0.55792229,-4.42327915,-3.58593613,2.39536889,138,0.42753623,1.21804106
2026-03-09 18:33:13,USDT,59.45910019,-0.55978573,-4.42657083,-3.58953819,2.39723233,138,0.42753623,1.21770555
2026-03-09 18:38:58,USDT,59.41936296,-0.55854392,-4.42413639,-3.58692060,2.39599052,138,0.42753623,1.21792625
2026-03-09 18:44:42,USDT,59.45027202,-0.58961792,-4.46172268,-3.62656196,2.41724452,141,0.41843972,1.20962428
2026-03-09 18:50:33,USDT,59.48411433,-0.59020001,-4.46249571,-3.62729525,2.41782661,141,0.41843972,1.20951411
2026-03-09 18:56:19,USDT,59.41840529,-0.59017826,-4.46125136,-3.62587784,2.41780486,141,0.41843972,1.20950452
2026-03-09 19:02:08,USDT,59.47933890,-0.31934111,-4.44172971,-3.60660498,2.37643971,139,0.43165468,1.31529393
2026-03-09 19:07:54,USDT,59.33161656,-0.34538928,-4.47105215,-3.63532393,2.27693178,131,0.43511450,1.30749756
2026-03-09 19:13:50,USDT,59.27507269,-0.53355982,-4.46881518,-3.63290306,2.20565982,129,0.41860465,1.22344427
2026-03-09 19:19:45,USDT,59.26273495,-0.53306197,-4.46754202,-3.63148361,2.20516197,129,0.41860465,1.22354313
2026-03-09 19:26:44,USDT,59.31625146,-0.57591520,-4.47026315,-3.63455533,2.18861520,127,0.41732283,1.20361235
2026-03-09 19:32:34,USDT,59.30808507,-0.55726491,-4.46980626,-3.63406506,2.17122491,126,0.42063492,1.20830054
2026-03-09 19:38:25,USDT,59.08639509,-0.68304598,-4.59097920,-3.77532719,2.19102498,127,0.41732283,1.15570033
2026-03-09 19:44:12,USDT,59.07379745,-0.76107581,-4.69319224,-3.87779901,2.19698581,128,0.41406250,1.12417286
2026-03-09 19:53:07,USDT,58.87759725,-0.88166981,-4.83097655,-4.10757755,2.21704081,131,0.40458015,1.08009179
2026-03-09 19:58:54,USDT,58.88312462,-0.88240578,-4.83226222,-4.10895130,2.21777678,131,0.40458015,1.07996401
2026-03-09 20:04:40,USDT,58.86976328,-0.88206423,-4.83137311,-4.10804136,2.21743523,131,0.40458015,1.08002029
2026-03-09 20:10:29,USDT,58.96060591,-0.88579905,-4.83845671,-4.11551678,2.22117005,131,0.40458015,1.07938560
2026-03-09 20:16:18,USDT,58.92308073,-0.85675217,-4.83584418,-4.11281333,2.19338317,128,0.41406250,1.08687094
2026-03-09 20:22:08,USDT,58.81039791,-0.85260599,-4.82788825,-4.10440885,2.18923699,128,0.41406250,1.08758156
2026-03-09 20:27:56,USDT,58.85885535,-0.63383987,-4.82814934,-4.10477496,2.15466037,127,0.41732283,1.17060368
2026-03-09 20:33:44,USDT,58.82815293,-0.63277482,-4.82680692,-4.10353699,2.15359532,127,0.41732283,1.17083702
2026-03-09 20:39:32,USDT,58.86405210,-0.63310518,-4.82812368,-4.10497424,2.15392568,127,0.41732283,1.17078157
2026-03-09 20:45:29,USDT,58.73924069,-0.65525383,-4.82242268,-4.09898743,2.12483633,126,0.41269841,1.15495669
2026-03-09 20:51:13,USDT,58.68573731,-0.80365794,-4.97839896,-4.33709709,2.15380904,127,0.40944882,1.09938272
2026-03-09 20:57:01,USDT,58.65443060,-0.90228728,-5.07871142,-4.48468694,2.17150238,129,0.40310078,1.06492116
2026-03-09 21:02:50,USDT,58.69322169,-0.90465852,-5.08241614,-4.48855398,2.17387362,129,0.40310078,1.06450506
2026-03-09 21:08:35,USDT,58.71380266,-0.90517054,-5.08409181,-4.49035828,2.17438564,129,0.40310078,1.06443016
2026-03-09 21:14:22,USDT,58.72377144,-0.85149324,-5.08523516,-4.49156903,2.15529834,128,0.39843750,1.08167314
2026-03-09 21:20:12,USDT,58.87878134,-0.80283267,-5.04645859,-4.51970457,2.17067277,129,0.40310078,1.10003727
2026-03-09 21:25:58,USDT,58.92834387,-0.92372832,-5.04911525,-4.52255651,2.13602742,127,0.39370079,1.05091320
2026-03-09 21:31:45,USDT,58.96185531,-0.95994072,-4.94302696,-4.56620067,2.10459622,125,0.40800000,1.02671199
2026-03-09 21:37:34,USDT,58.96120846,-0.97444513,-4.96049839,-4.58435558,2.06381663,122,0.40983607,1.01920627
2026-03-09 21:43:23,USDT,58.97171225,-0.97548837,-4.96258851,-4.58653534,2.06485987,122,0.40983607,1.01902312
2026-03-09 21:49:12,USDT,58.97758391,-0.95676749,-4.96358082,-4.58757282,2.04613899,118,0.42372881,1.02593938
2026-03-09 21:55:01,USDT,58.94091609,-0.93019970,-4.95793682,-4.58159541,2.02687740,118,0.42372881,1.02901132
2026-03-09 22:00:48,USDT,58.93228496,-0.91913480,-4.95699836,-4.58055757,2.01680250,118,0.42372881,1.02951766
2026-03-09 22:06:34,USDT,58.95208121,-0.89545744,-4.95719060,-4.58077299,2.00743514,118,0.42372881,1.03488463
2026-03-09 22:12:27,USDT,58.96205786,-0.89794798,-4.96250278,-4.58641172,2.00992568,118,0.42372881,1.03444526
2026-03-09 22:18:18,USDT,58.93885746,-0.89519620,-4.95554189,-4.57914236,2.00717390,118,0.42372881,1.03492620
2026-03-09 22:24:15,USDT,58.96223568,-0.91786774,-4.97641677,-4.59979858,2.02984544,118,0.42372881,1.03537897
2026-03-09 22:30:07,USDT,58.92702429,-0.91761908,-4.97547342,-4.59874370,2.02959678,118,0.42372881,1.03540986
2026-03-09 22:35:58,USDT,58.91073919,-0.90713904,-4.98267279,-4.60582479,2.01911674,115,0.43478261,1.04245005
2026-03-09 22:41:48,USDT,58.81016509,-0.99220357,-5.06065621,-4.68217212,2.03288127,116,0.43103448,1.01343227
2026-03-09 22:47:37,USDT,58.88251284,-0.99422070,-5.06510349,-4.68687770,2.03489840,116,0.43103448,1.01309760
2026-03-09 22:53:32,USDT,59.00434992,-0.74701567,-4.95362144,-4.49938830,2.06656967,118,0.44067797,1.10671185
2026-03-09 22:59:25,USDT,59.04040069,-0.80576418,-4.86226415,-4.30427766,2.04161818,119,0.43697479,1.07508167
2026-03-09 23:05:19,USDT,58.98764780,-0.80293688,-4.85513693,-4.29666462,2.03879088,119,0.43697479,1.07558856
2026-03-09 23:11:15,USDT,59.01278545,-0.87443629,-4.86539294,-4.30695425,2.02988029,118,0.43220339,1.04905789
2026-03-09 23:17:10,USDT,59.03965812,-0.87551385,-4.86776189,-4.30950597,2.03095785,118,0.43220339,1.04886312
2026-03-09 23:23:07,USDT,59.02065986,-0.87408243,-4.86503612,-4.30666234,2.02952643,118,0.43220339,1.04912618
2026-03-09 23:29:03,USDT,59.05614242,-0.88412018,-4.87678046,-4.31860473,2.03956418,118,0.43220339,1.04898968
2026-03-10 00:23:47,USDT,59.15007578,-0.76678222,-4.77211258,-4.18603419,2.07861522,121,0.44628099,1.09466988
2026-03-10 00:29:40,USDT,59.11409484,-0.73842586,-4.83309318,-4.12414333,2.00227466,115,0.46086957,1.09864192
2026-03-10 00:35:30,USDT,59.07485703,-0.73751430,-4.82966278,-4.12032032,2.00136310,115,0.46086957,1.09878524
2026-03-10 00:41:20,USDT,59.10309479,-0.74467027,-4.83533007,-4.12591490,2.00851907,115,0.46086957,1.09921057
2026-03-10 00:47:12,USDT,58.73465284,-0.77513397,-4.82825633,-3.76276443,2.04803957,116,0.45689655,1.09782487
2026-03-10 00:53:06,USDT,58.83320311,-0.77413473,-4.82707716,-3.76155079,2.04704033,116,0.45689655,1.09804005
2026-03-10 00:58:55,USDT,58.75941794,-0.76390215,-4.82455742,-3.75897977,2.03680775,116,0.45689655,1.09822239
2026-03-10 01:04:48,USDT,58.88007195,-0.76546385,-4.82954263,-3.76438679,2.03836945,116,0.45689655,1.09795686
2026-03-10 01:10:47,USDT,58.96056426,-0.76540031,-4.83028769,-3.76524877,2.03830591,116,0.45689655,1.09798895
2026-03-10 01:16:38,USDT,58.96890041,-0.76818351,-4.83586766,-3.77100475,2.04108911,116,0.45689655,1.09744974
2026-03-10 01:22:23,USDT,59.01587630,-0.77081912,-4.84057785,-3.77578980,2.04372472,116,0.45689655,1.09693605
2026-03-10 01:28:14,USDT,59.05477920,-0.77145228,-4.84300852,-3.77847675,2.04435788,116,0.45689655,1.09683291
2026-03-10 01:34:06,USDT,59.08633686,-0.77280246,-4.84567572,-3.78122497,2.04570806,116,0.45689655,1.09657007
2026-03-10 01:40:03,USDT,59.17861635,-0.77571617,-4.85222588,-3.78810808,2.04862177,116,0.45689655,1.09602374
2026-03-10 01:45:59,USDT,59.19728549,-0.77572023,-4.85315728,-3.78926616,2.04862583,116,0.45689655,1.09604714
2026-03-10 01:51:51,USDT,59.08797849,-0.77484323,-4.84929300,-3.78490467,2.04774883,116,0.45689655,1.09617201
2026-03-10 01:57:44,USDT,59.20505820,-0.67239393,-4.75723541,-3.73017338,2.07836853,119,0.46218487,1.13916598
2026-03-10 02:03:39,USDT,59.24026651,-0.66996384,-4.67948834,-3.65764896,2.06660804,119,0.45378151,1.13280487
2026-03-10 02:09:28,USDT,59.25042123,-0.62305849,-4.63330541,-3.61149212,2.07670269,120,0.45833333,1.15065299
2026-03-10 02:15:24,USDT,59.24995000,-0.62369531,-4.63457634,-3.61284127,2.07733951,120,0.45833333,1.15052708
2026-03-10 02:21:17,USDT,59.25054947,-0.62415159,-4.63599693,-3.61441226,2.07779579,120,0.45833333,1.15045016
2026-03-10 02:27:06,USDT,59.24940905,-0.69348058,-4.63562825,-3.61387173,2.04076678,118,0.44915254,1.11724141
2026-03-10 02:33:00,USDT,59.23039437,-0.69338004,-4.64400052,-3.62196014,2.04066624,117,0.45299145,1.12121310
2026-03-10 02:38:51,USDT,59.20524598,-0.69181969,-4.63881755,-3.61631439,2.03910589,117,0.45299145,1.12147949
2026-03-10 02:44:42,USDT,59.17103632,-0.70683055,-4.66226333,-3.63985465,2.05411675,116,0.45689655,1.12584366
2026-03-10 02:50:35,USDT,59.16032080,-0.68384098,-4.66752904,-3.64494671,2.04143518,116,0.45689655,1.13051543
2026-03-10 02:56:25,USDT,59.16304998,-0.67492493,-4.66915700,-3.64665006,2.03251913,115,0.46086957,1.13458455
2026-03-10 03:02:13,USDT,59.13804615,-0.67317097,-4.66535962,-3.64270445,2.03076517,115,0.46086957,1.13492925
2026-03-10 03:08:03,USDT,59.12552175,-0.67259866,-4.66411814,-3.64140685,2.03019286,115,0.46086957,1.13503881
2026-03-10 03:13:49,USDT,59.08558423,-0.67177893,-4.66210081,-3.63924216,2.02937313,115,0.46086957,1.13519020
2026-03-10 03:19:39,USDT,59.02200206,-0.76531339,-4.75292543,-3.72950202,2.04666759,116,0.45689655,1.09935327
2026-03-10 03:25:31,USDT,59.09203938,-0.75587095,-4.75441780,-3.73118771,2.03722515,115,0.46086957,1.10323166
2026-03-10 03:31:23,USDT,59.25252850,-0.76237447,-4.76875017,-3.74607709,2.04372867,115,0.46086957,1.10202785
2026-03-10 03:37:12,USDT,59.13721867,-0.48624772,-4.76276075,-3.73980172,1.99734642,114,0.46491228,1.21432343
2026-03-10 03:43:10,USDT,59.16482375,-0.41720204,-4.76430673,-3.74150253,1.98126074,113,0.46902655,1.24582507
2026-03-10 03:48:59,USDT,59.12103936,-0.28796765,-4.75987755,-3.73684231,1.97002635,113,0.46902655,1.31150820
2026-03-10 03:54:50,USDT,59.10575696,-0.28804169,-4.75969231,-3.73667598,1.97010039,113,0.46902655,1.31148577
2026-03-10 04:00:39,USDT,59.11843207,-0.28844710,-4.76071784,-3.73778782,1.97050580,113,0.46902655,1.31139664
2026-03-10 04:06:30,USDT,59.18911582,-0.11642894,-4.76371513,-3.74092082,1.93599464,111,0.47747748,1.40803087
2026-03-10 04:12:23,USDT,59.25669713,0.01924047,-4.62920773,-3.53309304,1.99823393,114,0.49122807,1.48499557
2026-03-10 04:18:16,USDT,59.33908752,0.01686419,-4.63548815,-3.53970521,2.00061021,114,0.49122807,1.48436024
2026-03-10 04:24:13,USDT,59.38310231,-0.15020551,-4.63847369,-3.54285857,1.91275451,110,0.47272727,1.38400074
2026-03-10 04:30:03,USDT,59.37985528,-0.05917449,-4.48371163,-3.31312900,1.92532869,112,0.48214286,1.42245079
2026-03-10 04:35:59,USDT,59.37985380,-0.05774230,-4.48070188,-3.31008313,1.92389650,112,0.48214286,1.42285351
2026-03-10 04:41:51,USDT,59.37489223,-0.20499288,-4.49065557,-3.32024762,1.86289668,109,0.46788991,1.34026415
2026-03-10 04:47:39,USDT,59.36699117,-0.25321279,-4.48777233,-3.31720685,1.84249259,108,0.46296296,1.31254047
2026-03-10 04:53:32,USDT,59.36926653,-0.25353213,-4.48933747,-3.31895395,1.84281193,108,0.46296296,1.31247998
2026-03-10 04:59:20,USDT,59.36045790,-0.25192516,-4.48508077,-3.31451726,1.84120496,108,0.46296296,1.31290064
2026-03-10 05:05:13,USDT,59.38178618,-0.28086635,-4.49429073,-3.32424477,1.82694615,107,0.45794393,1.29567353
2026-03-10 05:11:02,USDT,59.34949721,-0.25759086,-4.49684115,-3.32775195,1.84859066,107,0.46728972,1.31757562
2026-03-10 05:16:55,USDT,59.30010506,-0.25577160,-4.49242182,-3.32310996,1.84677140,107,0.46728972,1.31805078
2026-03-10 05:22:48,USDT,59.37845880,-0.25794117,-4.49798532,-3.32878291,1.84894097,107,0.46728972,1.31747769
2026-03-10 05:28:43,USDT,59.28592229,-0.29360311,-4.49590933,-3.32620861,1.81330291,105,0.46666667,1.29814406
2026-03-10 05:34:33,USDT,59.39590813,-0.28571011,-4.50060573,-3.33151677,1.80540991,104,0.47115385,1.30349649
2026-03-10 05:40:33,USDT,59.36709240,-0.28727394,-4.50364560,-3.33452399,1.80697374,104,0.47115385,1.30306863
2026-03-10 05:46:24,USDT,59.32527311,-0.27525395,-4.49699164,-3.32773791,1.79495375,100,0.49000000,1.30972466
2026-03-10 05:52:12,USDT,59.26941372,-0.27334669,-4.49134216,-3.32173622,1.79304649,100,0.49000000,1.31018964
2026-03-10 05:58:00,USDT,59.22662493,-0.28860825,-4.50433610,-3.33465419,1.80830805,100,0.49000000,1.31054219
2026-03-10 06:03:47,USDT,59.30077617,-0.28937921,-4.50788943,-3.33866619,1.80907901,100,0.49000000,1.31039790
2026-03-10 06:09:36,USDT,59.35371107,-0.34441200,-4.50514276,-3.33609129,1.79775180,100,0.48000000,1.27737866
2026-03-10 06:15:29,USDT,59.34473555,-0.46034073,-4.50582850,-3.33700211,1.77181023,100,0.46000000,1.20604779
2026-03-10 06:21:22,USDT,59.39790579,-0.45060369,-4.50484131,-3.33624188,1.76207319,99,0.46464646,1.21139609
2026-03-10 06:27:17,USDT,59.62660399,-0.23938421,-4.31128690,-3.06375895,1.77556071,100,0.48000000,1.32098004
2026-03-10 06:33:17,USDT,59.72246932,-0.12344081,-2.81294364,-1.14931004,1.20663731,59,0.54237288,1.38084449
2026-03-10 06:39:07,USDT,59.73825245,-0.13461944,-4.32376056,-3.07711102,1.72215094,97,0.48453608,1.38404092
2026-03-10 06:45:01,USDT,59.72070524,-0.13347206,-4.32093950,-3.07419862,1.72100356,97,0.48453608,1.38437758
2026-03-10 06:50:53,USDT,59.67188386,-0.13275322,-4.31771397,-3.07059872,1.72028472,97,0.48453608,1.38453296
2026-03-10 06:56:47,USDT,59.71281510,-0.12382197,-4.32113145,-3.07422832,1.71135347,94,0.50000000,1.39150158
2026-03-10 07:02:37,USDT,59.67742435,0.03578010,-4.31692571,-3.07000732,1.66288900,92,0.50000000,1.51336813
2026-03-10 07:08:26,USDT,59.60223019,0.03721463,-4.31235842,-3.06521042,1.66145447,92,0.50000000,1.51384123
2026-03-10 07:14:29,USDT,59.46528393,-0.00178368,-4.33262719,-2.87177514,1.70044738,93,0.49462366,1.49957237
2026-03-10 07:20:22,USDT,59.44250910,-0.01113388,-4.33603471,-2.87289990,1.71041758,94,0.48936170,1.49169204
2026-03-10 07:26:11,USDT,59.43557989,-0.01291217,-4.34076968,-2.87794514,1.71219587,94,0.48936170,1.49110168
2026-03-10 07:32:05,USDT,59.50341977,-0.01435239,-4.34667107,-2.88433747,1.71363609,94,0.48936170,1.49068069
2026-03-10 07:37:57,USDT,59.38826689,-0.01148556,-4.33637835,-2.87330689,1.71076926,94,0.48936170,1.49155695
2026-03-10 07:43:49,USDT,59.42341178,-0.04572953,-4.34376531,-2.88084842,1.70557323,94,0.47872340,1.46541017
2026-03-10 07:49:40,USDT,59.42311970,-0.05562805,-4.35369846,-2.89090027,1.71547175,94,0.47872340,1.46546697
2026-03-10 07:55:32,USDT,59.54894389,-0.05742991,-4.36109992,-2.89900196,1.71727361,94,0.47872340,1.46496093
2026-03-10 08:01:24,USDT,59.44776912,-0.05632771,-4.35603614,-2.89335486,1.71617141,94,0.47872340,1.46525383
2026-03-10 08:07:19,USDT,59.49143404,-0.07628159,-4.37600856,-2.91276891,1.72634529,95,0.47368421,1.44874011
2026-03-10 08:13:11,USDT,59.41182017,-0.07579639,-4.37337855,-2.90999536,1.72586009,95,0.47368421,1.44886061
2026-03-10 08:19:04,USDT,59.33342491,-0.26977782,-4.50507596,-3.00589929,1.72525052,93,0.46236559,1.32039632
2026-03-10 08:24:57,USDT,59.39938436,-0.26967078,-4.50621344,-3.00721222,1.72514348,93,0.46236559,1.32048289
2026-03-10 08:30:45,USDT,59.35773947,-0.26907788,-4.50371210,-3.00445129,1.72455058,93,0.46236559,1.32063638
2026-03-10 08:36:36,USDT,59.31623876,-0.30696649,-4.50268064,-3.00329452,1.70567919,92,0.45652174,1.29526443
2026-03-10 08:42:27,USDT,59.26616549,-0.30589523,-4.49889007,-2.99916038,1.70460793,92,0.45652174,1.29553928
2026-03-10 08:48:19,USDT,59.25401107,-0.30438458,-4.49537361,-2.99554359,1.70309728,92,0.45652174,1.29599752
2026-03-10 08:54:11,USDT,59.28966883,-0.30591631,-4.49939377,-2.99971691,1.70462901,92,0.45652174,1.29554231
2026-03-10 09:00:01,USDT,59.21689965,-0.34261290,-4.49693602,-2.99707910,1.68526660,91,0.45054945,1.27067932
2026-03-10 09:05:52,USDT,59.14956590,-0.44601935,-4.59829461,-3.09835691,1.69399305,92,0.44565217,1.20369007
2026-03-10 09:11:44,USDT,59.07445769,-0.45561535,-4.60628519,-3.10598653,1.70358905,92,0.44565217,1.20357350
2026-03-10 09:17:46,USDT,58.97167494,-0.45717624,-4.53935462,-3.10928901,1.70514994,92,0.44565217,1.20312404
2026-03-10 09:23:45,USDT,58.99932567,-0.44035585,-4.54267251,-3.11285442,1.68832955,90,0.45555556,1.21377175
2026-03-10 09:29:36,USDT,58.87318814,-0.50926103,-4.61418077,-3.14526228,1.69517973,90,0.45555556,1.17701214
2026-03-10 09:35:27,USDT,58.92720358,-0.50987346,-4.61628330,-3.14743569,1.69579216,90,0.45555556,1.17685797
2026-03-10 09:41:27,USDT,58.92442144,-0.49280356,-4.61712388,-3.14844833,1.67872226,89,0.46067416,1.18699155
2026-03-10 09:46:59,USDT,58.96775655,-0.50224168,-4.61976045,-3.16034253,1.68816038,89,0.46067416,1.18676469
2026-03-10 09:52:29,USDT,0.00000000,0.00000000,0.00000000,0.00000000,0.00000000,0,0.00000000,0.00000000
2026-03-10 09:58:33,USDT,58.94109145,-0.55163942,-4.61954328,-3.15998690,1.67593812,89,0.44943820,1.15487077
2026-03-10 10:04:37,USDT,59.02526389,-0.50999800,-4.49543726,-3.12934839,1.69552670,90,0.45555556,1.18051888
2026-03-10 10:10:43,USDT,59.09647850,-0.44063223,-4.43092236,-3.06488214,1.71596093,92,0.46739130,1.21568866
2026-03-10 10:16:53,USDT,59.08814530,-0.58742718,-4.41395547,-3.06583210,1.68327538,91,0.46153846,1.12975032
2026-03-10 10:23:08,USDT,59.06943846,-0.69625252,-4.40660016,-3.05815562,1.65575872,91,0.42857143,1.06298405
2026-03-10 10:28:10,USDT,0.00000000,0.00000000,0.00000000,0.00000000,0.00000000,0,0.00000000,0.00000000
2026-03-10 10:33:12,USDT,0.00000000,0.00000000,0.00000000,0.00000000,0.00000000,0,0.00000000,0.00000000
2026-03-10 10:38:15,USDT,0.00000000,0.00000000,0.00000000,0.00000000,0.00000000,0,0.00000000,0.00000000
2026-03-10 10:43:17,USDT,0.00000000,0.00000000,0.00000000,0.00000000,0.00000000,0,0.00000000,0.00000000
2026-03-10 10:45:49,USDT,58.78629547,-0.96380506,-4.66521908,-3.36665101,1.56167746,89,0.41573034,0.91892945
2026-03-10 10:51:54,USDT,59.02347352,-0.76024363,-4.60339035,-3.45883729,1.56123923,87,0.45977011,1.01281270
2026-03-10 10:53:45,USDT,59.07855914,-0.24123154,-2.73166139,-2.85958660,1.16066354,75,0.46666667,1.23045592
2026-03-10 10:59:32,USDT,58.80260817,-0.27129786,-2.75066266,-2.87666136,1.17648986,77,0.45454545,1.21246079
2026-03-10 11:05:19,USDT,58.78603173,-0.45619502,-2.93019539,-3.05644200,1.20323702,79,0.44303797,1.08793724
2026-03-10 11:11:06,USDT,58.43872200,-0.70967721,-3.02922165,-3.09149847,1.21593921,80,0.42500000,0.94680116
2026-03-10 11:16:55,USDT,58.29426914,-0.93042133,-3.23900056,-3.30096385,1.23209333,85,0.40000000,0.84465389
2026-03-10 11:22:43,USDT,58.42336191,-0.97894766,-3.25852758,-3.32109705,1.21743966,83,0.39759036,0.82115995
2026-03-10 11:28:33,USDT,58.54656205,-0.95130558,-3.24980606,-3.31282601,1.24621758,84,0.40476190,0.84406917
2026-03-10 11:34:20,USDT,58.66322986,-0.95188630,-3.25175117,-3.31486258,1.24679830,84,0.40476190,0.84395516
2026-03-10 11:40:11,USDT,58.79151577,-0.95376948,-3.25920373,-3.32302425,1.24868148,84,0.40476190,0.84357488
2026-03-10 11:45:59,USDT,58.80864395,-0.67453337,-2.99965430,-3.16108394,1.30907537,87,0.42528736,0.99479521
2026-03-10 11:51:48,USDT,59.01187235,-0.72107006,-2.92567536,-3.08745354,1.31084206,88,0.42045455,0.96827509
2026-03-10 11:57:36,USDT,59.25702896,-0.34040986,-2.54954088,-2.59115464,1.35658486,91,0.43956044,1.15997376
2026-03-10 12:03:24,USDT,59.16218170,-0.34455636,-2.57346270,-2.61563590,1.36067936,90,0.44444444,1.16420111
2026-03-10 12:09:13,USDT,59.07009029,-0.37585903,-2.59568541,-2.63715925,1.37404203,91,0.43956044,1.15024991
2026-03-10 12:15:06,USDT,58.96879446,-0.37513074,-2.59376917,-2.63517818,1.37331374,91,0.43956044,1.15042957
2026-03-10 12:20:52,USDT,59.02500758,-0.40112847,-2.61476057,-2.65376844,1.38467147,93,0.43010753,1.13658272
2026-03-10 12:26:37,USDT,58.98315321,-0.40080341,-2.61445449,-2.65358362,1.38434641,93,0.43010753,1.13666083
2026-03-10 12:32:26,USDT,58.98728480,-0.40043486,-2.61460241,-2.65396950,1.38397786,93,0.43010753,1.13676729
2026-03-10 12:38:14,USDT,58.99067735,-0.40152545,-2.61597017,-2.65505349,1.38506845,93,0.43010753,1.13648255
2026-03-10 12:44:02,USDT,59.01411789,-0.39800886,-2.71217385,-2.64626696,1.38155186,93,0.43010753,1.13736707
2026-03-10 12:49:50,USDT,59.04300954,-0.39706165,-2.70986506,-2.64382560,1.38060465,93,0.43010753,1.13761779
2026-03-10 12:55:36,USDT,58.96519710,-0.40383261,-2.71362279,-2.64747725,1.38737561,93,0.43010753,1.13809165
2026-03-10 13:02:12,USDT,59.06405320,-0.41023656,-2.73253934,-2.66759255,1.39377956,93,0.43010753,1.13653226
2026-03-10 13:08:15,USDT,59.02908149,-0.41534182,-2.72966355,-2.66355385,1.40025482,94,0.42553191,1.13300104
2026-03-10 13:14:16,USDT,59.04390029,-0.42594493,-2.73341226,-2.67701146,1.41085793,94,0.42553191,1.13258977
2026-03-10 13:20:19,USDT,59.22369336,-0.48179352,-2.75267788,-2.69726628,1.40669852,93,0.41935484,1.10732635
2026-03-10 13:26:16,USDT,59.35991200,-0.48485396,-2.76175011,-2.70694715,1.40975896,93,0.41935484,1.10660310
2026-03-10 13:32:18,USDT,59.21760431,-0.47315413,-2.75392245,-2.69875979,1.39805913,92,0.42391304,1.11191677
2026-03-10 13:38:21,USDT,59.22274876,-0.47306834,-2.62953706,-2.69803712,1.39797334,92,0.42391304,1.11194109
2026-03-10 13:44:28,USDT,59.32322006,-0.47289865,-2.62003543,-2.69803538,1.39780365,92,0.42391304,1.11198829
2026-03-10 13:50:29,USDT,59.15176795,-0.47042124,-2.61409181,-2.69198137,1.39532624,92,0.42391304,1.11258127
2026-03-10 13:56:34,USDT,59.22404998,-0.46305450,-2.61652711,-2.69464999,1.38795950,91,0.42857143,1.11670215
2026-03-10 14:02:37,USDT,59.20053393,-0.46255415,-2.61497163,-2.69297921,1.38745915,91,0.42857143,1.11681913
2026-03-10 14:08:38,USDT,59.21775363,-0.46284649,-2.61498830,-2.69278772,1.38775149,91,0.42857143,1.11673821
2026-03-10 14:14:43,USDT,59.16189141,-0.46100982,-2.61017825,-2.68790064,1.38591482,91,0.42857143,1.11717877
2026-03-10 14:20:46,USDT,59.18044412,-0.46851120,-2.59476881,-2.67265644,1.40314620,92,0.43478261,1.11783573
2026-03-10 14:26:47,USDT,59.02158141,-0.37044021,-2.58882435,-2.66605687,1.39193721,92,0.43478261,1.16662273
2026-03-10 14:32:51,USDT,59.16176618,-0.36974787,-2.58704845,-2.66417518,1.39124487,92,0.43478261,1.16682134
2026-03-10 14:38:52,USDT,58.76494935,-0.38220388,-2.58783376,-2.66361897,1.40370088,93,0.43010753,1.16284523
2026-03-10 14:44:54,USDT,58.79476485,-0.49432168,-2.68808757,-2.76392736,1.41336868,96,0.40625000,1.10393934
2026-03-10 14:50:54,USDT,58.94165222,-0.49667191,-2.69491868,-2.77100751,1.41571891,96,0.40625000,1.10339042
2026-03-10 14:56:54,USDT,58.85254846,-0.48044975,-2.38875481,-2.76758296,1.43312675,97,0.41237113,1.11530487
2026-03-10 15:02:56,USDT,58.80158632,-0.47963005,-2.38630504,-2.76492973,1.43230705,97,0.41237113,1.11550641
2026-03-10 15:09:08,USDT,58.72867481,-0.54567934,-2.40729894,-2.78694760,1.43152234,97,0.40206186,1.08289928
2026-03-10 15:13:36,USDT,58.69321414,-0.54528492,-2.40545946,-2.78486084,1.43112792,97,0.40206186,1.08298124
2026-03-10 15:19:36,USDT,58.12242827,-1.05826136,-2.89636801,-3.06797343,1.49739436,105,0.37142857,0.88177669
2026-03-10 15:25:34,USDT,58.18655058,-1.13899949,-2.93594758,-3.11043023,1.50876849,107,0.35514019,0.85523569
2026-03-10 15:30:48,USDT,57.95599030,-1.15533900,-2.95063519,-3.12487479,1.52510800,107,0.35514019,0.85539551
2026-03-10 15:36:50,USDT,57.78817617,-1.17283779,-2.96716868,-3.14105554,1.54260679,107,0.35514019,0.85536202
2026-03-10 15:42:49,USDT,57.58588381,-1.16862701,-2.95628938,-3.12951806,1.53839601,107,0.35514019,0.85604957
2026-03-10 15:47:58,USDT,57.56526010,-1.20025400,-2.98921617,-3.16269117,1.57002300,107,0.35514019,0.85594818
2026-03-10 15:53:59,USDT,57.56359813,-1.19893311,-2.98549012,-3.15869563,1.56870211,107,0.35514019,0.85616169
2026-03-10 16:01:58,USDT,57.55602136,-1.19912870,-2.98549099,-3.15857902,1.56889770,107,0.35514019,0.85612709
2026-03-10 16:07:59,USDT,57.59720189,-1.19817792,-2.98302074,-3.15610474,1.56794692,107,0.35514019,0.85629834
2026-03-10 16:14:02,USDT,57.45909132,-1.19789321,-2.97019649,-3.15414604,1.56766221,107,0.35514019,0.85631698
2026-03-10 16:20:01,USDT,57.63167256,-1.20191975,-2.98189481,-3.16669487,1.57168875,107,0.35514019,0.85567336
2026-03-10 16:26:03,USDT,57.49611813,-1.19089225,-2.97473638,-3.15873077,1.56066125,106,0.35849057,0.85894095
2026-03-10 16:32:04,USDT,57.42235678,-1.08364715,-2.96771581,-3.15116364,1.51369415,104,0.36538462,0.88615864
2026-03-10 16:38:06,USDT,57.41544630,-0.90646115,-2.96750060,-3.15087157,1.47734815,99,0.38383838,0.94949127
2026-03-10 16:38:45,USDT,57.44576325,-0.26800866,-0.28821554,-0.28821554,0.56676866,38,0.44736842,1.08163654
2026-03-10 16:44:13,USDT,57.54263880,-0.26894565,-0.28988290,-0.28988290,0.56770565,38,0.44736842,1.08104979
2026-03-10 16:49:35,USDT,57.50111151,-0.26829496,-0.28872501,-0.28872501,0.56705496,38,0.44736842,1.08145723
2026-03-10 16:54:59,USDT,57.48566571,-0.26855524,-0.28918816,-0.28918816,0.56731524,38,0.44736842,1.08129424
2026-03-10 17:00:22,USDT,57.51752575,-0.31293472,-0.28972851,-0.28972851,0.55895472,38,0.42105263,1.00423108
2026-03-10 17:06:06,USDT,57.60601212,-0.31389129,-0.29145762,-0.29145762,0.55991129,38,0.42105263,1.00364717
2026-03-10 17:11:30,USDT,57.46000396,-0.31302867,-0.28989833,-0.28989833,0.55904867,38,0.42105263,1.00417372
2026-03-10 17:13:43,USDT,57.40980169,-0.34426446,-0.32130656,-0.32130656,0.59028446,38,0.42105263,1.00404337
2026-03-10 17:19:08,USDT,57.43363493,-0.34430055,-0.32137025,-0.32137025,0.59032055,38,0.42105263,1.00402251
2026-03-10 17:24:31,USDT,57.53521647,-0.34549171,-0.32347190,-0.32347190,0.59151171,38,0.42105263,1.00333448
2026-03-10 17:29:53,USDT,57.55224536,-0.34569926,-0.32383810,-0.32383810,0.59171926,38,0.42105263,1.00321463
2026-03-10 17:35:17,USDT,57.52160778,-0.34563609,-0.32372665,-0.32372665,0.59165609,38,0.42105263,1.00325111
2026-03-10 17:40:41,USDT,57.48304902,-0.59823198,-0.57643290,-0.57643290,0.62305198,39,0.41025641,0.74835033
2026-03-10 17:46:06,USDT,57.46049871,-0.59813689,-0.57626883,-0.57626883,0.62295689,39,0.41025641,0.74838706
2026-03-10 17:51:34,USDT,57.47477740,-0.59834609,-0.57662978,-0.57662978,0.62316609,39,0.41025641,0.74830625
2026-03-10 17:57:01,USDT,57.49950641,-0.59865039,-0.57715481,-0.57715481,0.62347039,39,0.41025641,0.74818872
2026-03-10 18:02:25,USDT,57.49123479,-0.59882156,-0.57745014,-0.57745014,0.62364156,39,0.41025641,0.74812262
2026-03-10 18:07:49,USDT,57.51654390,-0.57898012,-0.56685975,-0.56685975,0.63881012,40,0.42500000,0.76952478
2026-03-10 18:13:12,USDT,57.44536961,-0.57750910,-0.56434718,-0.56434718,0.63733910,40,0.42500000,0.77012311
2026-03-10 18:18:39,USDT,57.43070003,-0.57785007,-0.56492957,-0.56492957,0.63768007,40,0.42500000,0.76998440
2026-03-10 18:24:04,USDT,57.44979606,-0.57734349,-0.56406431,-0.56406431,0.63717349,40,0.42500000,0.77019050
2026-03-10 18:29:27,USDT,57.41767613,-0.57672976,-0.56301602,-0.56301602,0.63655976,40,0.42500000,0.77044025
2026-03-10 18:34:52,USDT,57.42289449,-0.57709995,-0.56364832,-0.56364832,0.63692995,40,0.42500000,0.77028960
2026-03-10 18:40:16,USDT,57.30147040,-0.85700558,-0.84278142,-0.84278142,0.66679558,41,0.41463415,0.59982511
2026-03-10 18:45:42,USDT,57.16786420,-0.87109571,-0.85600933,-0.85600933,0.68088571,41,0.41463415,0.60019513
2026-03-10 18:51:06,USDT,57.24723147,-0.87150381,-0.85668645,-0.85668645,0.68129381,41,0.41463415,0.60007967
2026-03-10 18:56:31,USDT,57.32431452,-0.87218399,-0.85781498,-0.85781498,0.68197399,41,0.41463415,0.59988727
2026-03-10 19:01:54,USDT,57.36611833,-0.86425874,-0.85904768,-0.85904768,0.67404874,40,0.42500000,0.60404929
2026-03-10 19:07:17,USDT,57.28258722,-0.80693226,-0.85741565,-0.85741565,0.66442226,40,0.42500000,0.62958672
2026-03-10 19:12:40,USDT,57.17735379,-0.80623905,-0.85623503,-0.85623503,0.66372905,40,0.42500000,0.62979639
2026-03-10 19:18:08,USDT,57.10379552,-1.08504135,-1.13487247,-1.13487247,0.69434135,41,0.41463415,0.51165966
2026-03-10 19:23:33,USDT,57.24776915,-1.08590611,-1.13631782,-1.13631782,0.69520611,41,0.41463415,0.51146224
2026-03-10 19:28:55,USDT,57.24018370,-1.22597970,-1.27681431,-1.27681431,0.72701970,42,0.40476190,0.46990955
2026-03-10 19:34:18,USDT,57.16167006,-1.22527649,-1.27565953,-1.27565953,0.72631649,42,0.40476190,0.47005177
2026-03-10 19:39:43,USDT,57.17583272,-1.22527649,-1.27565953,-1.27565953,0.72631649,42,0.40476190,0.47005177
2026-03-10 19:45:10,USDT,57.23045033,-1.22613597,-1.27707092,-1.27707092,0.72717597,42,0.40476190,0.46987795
2026-03-10 19:50:36,USDT,57.23505648,-1.22656013,-1.27776746,-1.27776746,0.72760013,42,0.40476190,0.46979219
2026-03-10 19:56:01,USDT,57.22137117,-1.25411290,-1.27762082,-1.27762082,0.70755290,39,0.38461538,0.44874139
2026-03-10 20:01:22,USDT,57.30481807,-1.25474102,-1.27866562,-1.27866562,0.70818102,39,0.38461538,0.44862053
2026-03-10 20:06:46,USDT,57.27022443,-1.25437737,-1.27806073,-1.27806073,0.70781737,39,0.38461538,0.44869050
2026-03-10 20:12:10,USDT,57.27772130,-1.25420106,-1.27776746,-1.27776746,0.70764106,39,0.38461538,0.44872442
2026-03-10 20:17:10,USDT,0.00000000,0.00000000,0.00000000,0.00000000,0.00000000,0,0.00000000,0.00000000
2026-03-10 20:22:10,USDT,0.00000000,0.00000000,0.00000000,0.00000000,0.00000000,0,0.00000000,0.00000000
2026-03-10 20:26:01,USDT,57.28725117,-1.25402474,-1.27747418,-1.27747418,0.70746474,39,0.38461538,0.44875835
2026-03-10 20:31:30,USDT,57.26061467,-1.25376027,-1.27703426,-1.27703426,0.70720027,39,0.38461538,0.44880924
2026-03-10 20:36:58,USDT,57.25633563,-1.25387046,-1.27721756,-1.27721756,0.70731046,39,0.38461538,0.44878804
2026-03-10 20:42:20,USDT,57.25271080,-1.25372721,-1.27697928,-1.27697928,0.70716721,39,0.38461538,0.44881561
2026-03-10 20:47:43,USDT,57.26003080,-1.25366109,-1.27686930,-1.27686930,0.70710109,39,0.38461538,0.44882833
2026-03-10 20:53:17,USDT,57.30055611,-1.25395862,-1.27736420,-1.27736420,0.70739862,39,0.38461538,0.44877107
2026-03-10 20:58:48,USDT,57.18371876,-1.25389250,-1.27725422,-1.27725422,0.70733250,39,0.38461538,0.44878380
2026-03-10 21:05:05,USDT,57.16703621,-0.29404959,-1.37445418,-0.93542387,0.62565759,39,0.48717949,1.04624892
2026-03-10 21:10:33,USDT,57.20296200,-0.31079630,-1.39390368,-0.95494318,0.64240430,39,0.48717949,1.04566284
2026-03-10 21:15:57,USDT,57.26741741,-0.37052824,-1.46502457,-1.26171449,0.65861824,40,0.47500000,0.98378477
2026-03-10 21:21:21,USDT,57.26480442,-0.36095889,-1.46456938,-1.26125955,0.64904889,39,0.48717949,0.99316865
2026-03-10 21:26:50,USDT,57.27754275,-0.36123147,-1.46578826,-1.26254269,0.64932147,39,0.48717949,0.99304443
2026-03-10 21:32:13,USDT,57.26440118,-0.35829911,-1.48129464,-1.27794072,0.65616911,39,0.48717949,0.99577243
2026-03-10 21:37:36,USDT,57.30953554,-0.38893497,-1.51103813,-1.30768421,0.68680497,39,0.48717949,0.99599954
2026-03-10 21:43:02,USDT,57.23492000,-0.38819716,-1.50826598,-1.30480420,0.68606716,39,0.48717949,0.99632610
2026-03-10 21:48:29,USDT,57.27646366,-0.38893497,-1.51064655,-1.30723643,0.68680497,39,0.48717949,0.99599954
2026-03-10 21:53:52,USDT,57.28568482,-0.30274431,-1.42273810,-1.24797001,0.74992731,41,0.51219512,1.11478769
2026-03-10 21:59:16,USDT,57.29634487,-0.30333909,-1.42422835,-1.24945269,0.75052209,41,0.51219512,1.11450921
2026-03-10 22:04:42,USDT,57.27995936,-0.30309418,-1.42335245,-1.24854227,0.75027718,41,0.51219512,1.11462387
2026-03-10 22:10:07,USDT,57.30989525,-0.30342073,-1.42452090,-1.24975683,0.75060373,41,0.51219512,1.11447100
2026-03-10 22:15:33,USDT,57.28556173,-0.30312917,-1.42347306,-1.24866717,0.75031217,41,0.51219512,1.11460749
2026-03-10 22:20:57,USDT,57.27102171,-0.33692824,-1.42380435,-1.24897653,0.74181124,41,0.48780488,1.07123856
2026-03-10 22:26:20,USDT,57.23485169,-0.33665159,-1.42253917,-1.24763399,0.74153459,41,0.48780488,1.07136661
2026-03-10 22:31:32,USDT,0.00000000,0.00000000,0.00000000,0.00000000,0.00000000,0,0.00000000,0.00000000
2026-03-10 22:36:56,USDT,57.14950370,-0.45585187,-1.49206621,-1.28338960,0.76347087,42,0.45238095,0.96145512
2026-03-10 22:42:25,USDT,57.17362769,-0.45624401,-1.49334926,-1.28471122,0.76386301,42,0.45238095,0.96129027
2026-03-10 22:48:00,USDT,57.20674502,-0.45685004,-1.49521899,-1.28662428,0.76446904,42,0.45238095,0.96103555
2026-03-10 22:53:33,USDT,57.25065478,-0.45759867,-1.49758576,-1.28905280,0.76521767,42,0.45238095,0.96072098
2026-03-10 22:59:43,USDT,57.26953988,0.00000000,0.00000000,0.00000000,0.00000000,0,0.00000000,0.00000000
2026-03-10 23:05:06,USDT,57.24672679,-0.44019822,-1.49697006,-1.28845902,0.74781722,40,0.47500000,0.97649251
2026-03-10 23:10:30,USDT,57.24489212,-0.48194625,-1.50717222,-1.32344517,0.77058725,41,0.46341463,0.94398967
2026-03-10 23:16:09,USDT,57.21160778,-0.48119222,-1.50493108,-1.32116471,0.76983322,41,0.46341463,0.94430327
2026-03-10 23:21:42,USDT,57.14036909,-0.47940886,-1.49994308,-1.31612859,0.76804986,41,0.46341463,0.94504531
2026-03-10 23:27:10,USDT,57.09721912,-0.56819221,-1.54426953,-1.36042505,0.77394821,42,0.42857143,0.85879850
2026-03-10 23:32:36,USDT,57.08993214,-0.55035153,-1.54452771,-1.36066609,0.75610753,40,0.45000000,0.87292113
2026-03-10 23:38:01,USDT,56.94868043,-0.63172193,-1.63364328,-1.43534456,0.79194093,41,0.43902439,0.82706890
2026-03-10 23:43:23,USDT,56.86408041,-0.63022544,-1.62880483,-1.43037079,0.79044444,41,0.43902439,0.82760933
2026-03-10 23:48:47,USDT,56.84620331,-0.62989151,-1.62809188,-1.42968027,0.79011051,41,0.43902439,0.82772997
2026-03-10 23:54:11,USDT,56.88460997,-0.78650872,-1.79001430,-1.62261866,0.80728772,42,0.42857143,0.72888661
2026-03-10 23:59:37,USDT,56.89253756,-0.80278913,-1.80729780,-1.63990671,0.82356813,42,0.42857143,0.72869722
2026-03-11 00:05:03,USDT,56.89851959,-0.80370193,-1.80942160,-1.64200228,0.82448093,42,0.42857143,0.72842288
2026-03-11 00:10:28,USDT,56.91453661,-0.79500064,-1.81096715,-1.64355388,0.81577964,41,0.43902439,0.73346575
2026-03-11 00:15:50,USDT,56.87957457,-0.79397100,-1.80812142,-1.64067967,0.81475000,41,0.43902439,0.73377524
2026-03-11 00:21:15,USDT,56.82317503,-0.79333542,-1.80592888,-1.63840700,0.81411442,41,0.43902439,0.73396634
2026-03-11 00:26:41,USDT,56.80152001,-0.79259815,-1.80388402,-1.63634072,0.81337715,41,0.43902439,0.73418807
2026-03-11 00:32:06,USDT,56.80614652,-0.79263628,-1.80406285,-1.63653113,0.81341528,41,0.43902439,0.73417660
2026-03-11 00:37:29,USDT,56.84064604,-0.79339898,-1.79532937,-1.63879530,0.81417798,41,0.43902439,0.73394723
2026-03-11 00:42:53,USDT,56.81844053,-0.79294136,-1.79395788,-1.63739584,0.81372036,41,0.43902439,0.73408485
2026-03-11 00:48:16,USDT,56.80829253,-0.89783289,-1.79426091,-1.63767669,0.79597689,41,0.39024390,0.64432026
2026-03-11 00:53:44,USDT,56.84347604,-0.89804423,-1.79522567,-1.63870016,0.79618823,41,0.39024390,0.64426074
2026-03-11 00:59:09,USDT,56.82085852,-0.89745994,-1.79349642,-1.63694320,0.79560394,41,0.39024390,0.64442530
2026-03-11 01:04:37,USDT,56.80200150,-0.89673890,-1.79157624,-1.63501949,0.79488290,41,0.39024390,0.64462843
2026-03-11 01:10:06,USDT,56.80255351,-0.89685078,-1.79178258,-1.63521323,0.79499478,41,0.39024390,0.64459691
2026-03-11 01:15:33,USDT,56.88757156,-0.89841718,-1.79673470,-1.64028505,0.79656118,41,0.39024390,0.64415572
2026-03-11 01:20:59,USDT,56.91195358,-0.89898904,-1.79848219,-1.64206757,0.79713304,41,0.39024390,0.64399472
2026-03-11 01:26:22,USDT,56.99385114,-0.90048084,-1.80310827,-1.64679470,0.79862484,41,0.39024390,0.64357489
2026-03-11 01:31:46,USDT,57.02171765,-0.79599753,-1.70059075,-1.56656449,0.83122853,43,0.41860465,0.72372523
2026-03-11 01:37:11,USDT,57.02171564,-0.79602336,-1.70067289,-1.56664890,0.83125436,43,0.41860465,0.72371712
2026-03-11 01:42:34,USDT,57.02165515,-0.79554547,-1.69935791,-1.56532131,0.83077647,43,0.41860465,0.72386716
2026-03-11 01:48:01,USDT,57.02162088,-0.79526131,-1.69839293,-1.56432256,0.83049231,43,0.41860465,0.72395639
2026-03-11 01:53:26,USDT,57.02193942,-0.79726331,-1.70460148,-1.57068433,0.83249431,43,0.41860465,0.72332794
2026-03-11 01:58:52,USDT,57.02190918,-0.77907694,-1.70399587,-1.57003941,0.81430794,41,0.43902439,0.73343903
2026-03-11 02:04:16,USDT,57.02189708,-0.77908958,-1.70413966,-1.57019908,0.81432058,41,0.43902439,0.73343506
2026-03-11 02:09:41,USDT,57.02172572,-0.77800289,-1.70088692,-1.56688889,0.81323389,41,0.43902439,0.73377701
2026-03-11 02:15:07,USDT,57.02169346,-0.77782599,-1.70042610,-1.56642856,0.81305699,41,0.43902439,0.73383268
2026-03-11 02:20:34,USDT,57.00874696,-0.79268937,-1.71402316,-1.57997648,0.82792037,41,0.43902439,0.73401167
2026-03-11 02:25:58,USDT,56.99506260,-0.80856199,-1.72983431,-1.59574051,0.84379299,41,0.43902439,0.73395996
2026-03-11 02:31:21,USDT,56.94789803,-0.80759110,-1.72689634,-1.59273828,0.84282210,41,0.43902439,0.73425436
2026-03-11 02:36:44,USDT,56.87172899,-0.80650214,-1.72341317,-1.58915608,0.84173314,41,0.43902439,0.73458467
2026-03-11 02:42:14,USDT,56.69228495,-1.00975115,-1.86403682,-1.70209849,0.89182315,43,0.39534884,0.63290243
2026-03-11 02:47:42,USDT,56.61166913,-1.23491413,-2.16232562,-1.92059811,0.91433813,46,0.34782609,0.54115759
2026-03-11 02:53:09,USDT,56.61033972,-1.23537181,-2.16339100,-1.92165298,0.91479581,46,0.34782609,0.54106137
2026-03-11 02:58:34,USDT,56.60984040,-1.23548623,-2.16362082,-1.92187353,0.91491023,46,0.34782609,0.54103731
2026-03-11 03:03:59,USDT,56.56365391,-1.23404168,-2.15984652,-1.91805752,0.91346568,46,0.34782609,0.54134106
2026-03-11 03:09:23,USDT,56.59016416,-1.23475680,-2.16176964,-1.92001123,0.91418080,46,0.34782609,0.54119067
2026-03-11 03:14:46,USDT,56.62061355,-1.23534320,-2.16350430,-1.92179965,0.91476720,46,0.34782609,0.54106738
2026-03-11 03:20:13,USDT,56.63057504,-1.23590100,-2.16480347,-1.92308616,0.91532500,46,0.34782609,0.54095012
2026-03-11 03:25:39,USDT,56.68721846,-1.23751717,-2.16912467,-1.92747194,0.91694117,46,0.34782609,0.54061050
2026-03-11 03:31:05,USDT,56.69898390,-1.23776031,-2.16983857,-1.92820716,0.91718431,46,0.34782609,0.54055942
2026-03-11 03:36:34,USDT,56.69864838,-1.26508667,-2.20246741,-2.01357042,0.96062067,47,0.34042553,0.53864788
2026-03-11 03:42:01,USDT,56.68774045,-1.30602810,-2.25751761,-2.06858817,0.98130210,48,0.33333333,0.52545311
2026-03-11 03:47:26,USDT,56.66509827,-1.30509009,-2.25487488,-2.06587745,0.98036409,48,0.33333333,0.52563792
2026-03-11 03:52:48,USDT,56.70060656,-1.30672739,-2.25942577,-2.07053465,0.98200139,48,0.33333333,0.52531453
2026-03-11 03:58:13,USDT,56.71460056,-1.30658417,-2.25928657,-2.07043777,0.98185817,48,0.33333333,0.52534628
2026-03-11 04:03:41,USDT,56.69185743,-1.30608943,-2.25773008,-2.06881300,0.98136343,48,0.33333333,0.52544156
2026-03-11 04:09:10,USDT,56.71120411,-1.30646635,-2.25894632,-2.07008732,0.98174035,48,0.33333333,0.52536938
2026-03-11 04:14:34,USDT,56.70173597,-1.29683922,-2.25813349,-2.06924947,0.97211322,47,0.34042553,0.52838179
2026-03-11 04:20:03,USDT,56.68485696,-1.29614074,-2.25611720,-2.06717632,0.97141474,47,0.34042553,0.52851928
2026-03-11 04:25:30,USDT,56.67683107,-1.28856566,-2.25634565,-2.06738376,0.96383966,46,0.34782609,0.53095598
2026-03-11 04:30:57,USDT,56.66437774,-1.28789470,-2.25449961,-2.06550404,0.96316870,46,0.34782609,0.53108970
2026-03-11 04:36:25,USDT,56.59686746,-1.28684783,-2.25091828,-2.06172989,0.96212183,46,0.34782609,0.53128890
2026-03-11 04:41:49,USDT,56.46653559,-1.43365965,-2.44131314,-2.15127750,1.00813365,47,0.31914894,0.48532548
2026-03-11 04:47:18,USDT,56.53897340,-1.43435776,-2.44382773,-2.15400327,1.00883176,47,0.31914894,0.48522011
2026-03-11 04:52:45,USDT,56.55490697,-1.43454509,-2.44441063,-2.15461765,1.00901909,47,0.31914894,0.48518928
2026-03-11 04:58:09,USDT,56.56717602,-1.43522636,-2.44603693,-2.15622309,1.00970036,47,0.31914894,0.48506338
2026-03-11 05:03:35,USDT,56.54430832,-1.43459817,-2.33148726,-2.15448667,1.00907217,47,0.31914894,0.48517386
2026-03-11 05:09:01,USDT,56.55053366,-1.43463014,-2.42470040,-2.15459718,1.00910414,47,0.31914894,0.48516872
2026-03-11 05:14:29,USDT,56.54184158,-1.42622566,-2.42525045,-2.15511369,1.00069966,46,0.32608696,0.48754709
2026-03-11 05:19:54,USDT,56.53009934,-1.42587863,-2.42431043,-2.15414829,1.00035263,46,0.32608696,0.48760828
2026-03-11 05:25:22,USDT,56.53361729,-1.42584255,-2.42425470,-2.15410645,1.00031655,46,0.32608696,0.48761593
2026-03-11 05:30:45,USDT,56.50500349,-1.42483310,-2.42161910,-2.15143588,0.99930710,46,0.32608696,0.48779698
2026-03-11 05:36:09,USDT,56.57147221,-1.44217904,-2.44452778,-2.20099672,1.03215104,47,0.34042553,0.48751688
2026-03-11 05:41:32,USDT,56.63964072,-1.44373399,-2.44883192,-2.20548048,1.03370600,47,0.34042553,0.48724271
2026-03-11 05:46:56,USDT,56.63421946,-1.44351636,-2.53544131,-2.20481963,1.03348836,47,0.34042553,0.48728034
2026-03-11 05:52:25,USDT,56.56543637,-1.44196741,-2.51961079,-2.20052135,1.03193941,47,0.34042553,0.48755721
2026-03-11 05:57:53,USDT,56.67375738,-1.39353679,-2.52229259,-2.20357941,1.01622079,47,0.31914894,0.48687548
2026-03-11 06:03:24,USDT,56.60978011,-1.39412685,-2.52316914,-2.20417510,1.01681085,47,0.31914894,0.48674048
2026-03-11 06:08:48,USDT,56.60653056,-1.39372440,-2.52213425,-2.20313003,1.01640840,47,0.31914894,0.48681762
2026-03-11 06:14:14,USDT,56.59284568,-1.39364716,-2.52182493,-2.20276765,1.01633116,47,0.31914894,0.48682864
2026-03-11 06:19:39,USDT,56.60175577,-1.39405442,-2.52281850,-2.20374675,1.01673842,47,0.31914894,0.48674875
2026-03-11 06:25:07,USDT,56.63868253,-1.39475942,-2.52487720,-2.20593676,1.01744342,47,0.31914894,0.48662204
2026-03-11 06:30:33,USDT,56.57758803,-1.38520551,-2.52027237,-2.20118828,1.00788951,46,0.32608696,0.48924756
2026-03-11 06:35:55,USDT,56.57614299,-1.38536238,-2.52067983,-2.20160003,1.00804638,46,0.32608696,0.48921745
2026-03-11 06:41:19,USDT,56.61227141,-1.38568463,-2.52180318,-2.20286489,1.00836863,46,0.32608696,0.48916544
2026-03-11 06:46:43,USDT,56.62228369,-1.38548426,-2.52143797,-2.20256614,1.00816826,46,0.32608696,0.48920924
2026-03-11 06:52:13,USDT,56.59779637,-1.38493670,-2.51990459,-2.20096630,1.00762070,46,0.32608696,0.48931053
2026-03-11 06:57:38,USDT,56.49317211,-1.38303582,-2.35436153,-2.19512709,1.00571982,46,0.32608696,0.48965559
2026-03-11 07:03:01,USDT,56.55298939,-1.38402566,-2.35726417,-2.19823895,1.00670966,46,0.32608696,0.48947756
2026-03-11 07:08:27,USDT,56.58518124,-1.38504871,-2.35997463,-2.20101028,1.00773271,46,0.32608696,0.48928315
2026-03-11 07:13:52,USDT,56.58636308,-1.31302000,-2.35988607,-2.20098082,0.99829000,46,0.32608696,0.50850755
2026-03-11 07:19:18,USDT,56.63319812,-1.31367362,-2.36184653,-2.20309435,0.99894362,46,0.32608696,0.50838337
2026-03-11 07:24:40,USDT,56.58831913,-1.31324963,-2.36043342,-2.20150571,0.99851963,46,0.32608696,0.50845845
2026-03-11 07:30:05,USDT,56.63240720,-1.31401339,-2.36251853,-2.20365879,0.99928339,46,0.32608696,0.50830541
2026-03-11 07:35:33,USDT,56.64076536,-1.30496257,-2.34403509,-2.18523444,1.03107257,47,0.34042553,0.52424836
2026-03-11 07:41:01,USDT,56.66229205,-1.30511404,-2.34453205,-2.18579346,1.03122404,47,0.34042553,0.52422075
2026-03-11 07:46:30,USDT,56.72709535,-1.19693486,-2.23813193,-2.06351230,1.04878586,48,0.33333333,0.59282818
2026-03-11 07:52:00,USDT,56.72173368,-1.19683439,-2.23773514,-2.06303749,1.04868539,48,0.33333333,0.59284473
2026-03-11 07:57:27,USDT,56.71785275,-1.19645459,-2.23687998,-2.06223020,1.04830559,48,0.33333333,0.59293413
2026-03-11 08:03:02,USDT,56.54182618,-1.31909983,-2.36317918,-2.18859560,1.05484083,49,0.34693878,0.54962738
2026-03-11 08:08:27,USDT,56.52220634,-1.33557658,-2.38128424,-2.20666874,1.07131758,49,0.34693878,0.54938507
2026-03-11 08:13:52,USDT,56.48725081,-1.33475300,-2.37949540,-2.20499692,1.07049400,49,0.34693878,0.54956213
2026-03-11 08:19:19,USDT,56.51084774,-1.33524532,-2.38065372,-2.20613219,1.07098632,49,0.34693878,0.54945962
2026-03-11 08:24:43,USDT,56.49714013,-1.33440898,-2.37826625,-2.20356269,1.07014998,49,0.34693878,0.54961806
2026-03-11 08:30:08,USDT,56.43583695,-1.34883022,-2.39079009,-2.21589682,1.08457122,49,0.34693878,0.54982315
2026-03-11 08:35:33,USDT,56.47939894,-1.35014195,-2.39414548,-2.21934796,1.08588295,49,0.34693878,0.54956524
2026-03-11 08:40:59,USDT,56.41108379,-1.34880974,-2.39054350,-2.21554681,1.08455074,49,0.34693878,0.54982005
2026-03-11 08:46:00,USDT,0.00000000,0.00000000,0.00000000,0.00000000,0.00000000,0,0.00000000,0.00000000
2026-03-11 08:51:28,USDT,56.35921317,-1.34843978,-2.38922405,-2.21400455,1.08418078,49,0.34693878,0.54987910
2026-03-11 08:56:54,USDT,56.32967395,-1.42041713,-2.45945548,-2.24971230,1.11461013,50,0.34000000,0.53237515
2026-03-11 09:02:20,USDT,56.35850044,-1.42198469,-2.46306135,-2.25325670,1.11617769,50,0.34000000,0.53207080
2026-03-11 09:07:47,USDT,56.28585715,-1.42062769,-2.45936209,-2.24930981,1.11482069,50,0.34000000,0.53231427
2026-03-11 09:13:12,USDT,56.37227143,-1.42260568,-2.46463192,-2.25487692,1.11679868,50,0.34000000,0.53195519
2026-03-11 09:18:44,USDT,56.41336020,-1.42351565,-2.46699340,-2.25734241,1.11770865,50,0.34000000,0.53178789
2026-03-11 09:24:16,USDT,56.48221861,-1.42702645,-2.47568212,-2.26621258,1.12121945,50,0.34000000,0.53112821
2026-03-11 09:29:39,USDT,56.50000386,-1.23212908,-2.47712810,-2.28724871,1.13366608,50,0.36000000,0.60264466
2026-03-11 09:35:02,USDT,56.58001299,-1.11112037,-2.35226897,-2.14630381,1.16416437,52,0.38461538,0.67814550
2026-03-11 09:40:27,USDT,56.62424381,-1.12857168,-2.36152948,-2.16715077,1.18161568,52,0.38461538,0.67771747
2026-03-11 09:45:55,USDT,56.57534442,-1.12650905,-2.35621525,-2.16156113,1.17955305,52,0.38461538,0.67820370
2026-03-11 09:51:19,USDT,56.59297040,-1.12810626,-2.36010458,-2.16554739,1.18115026,52,0.38461538,0.67781718
2026-03-11 09:56:47,USDT,56.60991985,-1.12927311,-2.36303447,-2.16859371,1.18231711,52,0.38461538,0.67753883
2026-03-11 10:02:12,USDT,56.60091881,-1.12892845,-2.36209472,-2.16758126,1.18197245,52,0.38461538,0.67761776
2026-03-11 10:07:35,USDT,56.60284088,-1.12982301,-2.48967690,-2.16968379,1.18286701,52,0.38461538,0.67739762
2026-03-11 10:13:00,USDT,56.64623031,-1.09173165,-2.45781972,-2.15238501,1.20170765,53,0.37735849,0.70246151
2026-03-11 10:18:25,USDT,56.63432988,-1.10993517,-2.47999922,-2.17483259,1.21991117,53,0.37735849,0.70179653
2026-03-11 10:23:52,USDT,56.69510222,-1.11302203,-2.48819542,-2.18370839,1.22299803,53,0.37735849,0.70108034
2026-03-11 10:29:17,USDT,56.64674888,-1.12794521,-2.50106840,-2.19658589,1.23792121,53,0.37735849,0.70148150
2026-03-11 10:34:42,USDT,56.93434543,-1.13338372,-2.51533876,-2.21200936,1.24335972,53,0.37735849,0.70023550
2026-03-11 10:40:08,USDT,57.13185617,-0.48822868,-1.86016500,-1.45034045,1.31246368,55,0.40000000,1.12467262
2026-03-11 10:45:33,USDT,56.82459357,-0.43055284,-1.71438186,-1.17091826,1.30335884,52,0.40384615,1.15746612
2026-03-11 10:51:00,USDT,56.64670063,-0.23244193,-1.70402378,-1.15975268,1.26312793,50,0.42000000,1.30177428
2026-03-11 10:56:24,USDT,56.52761875,-0.36992967,-1.85969431,-1.27688127,1.29056567,56,0.42857143,1.17268134
2026-03-11 11:01:49,USDT,56.52990409,-0.40616465,-1.87686094,-1.29513190,1.27982065,55,0.41818182,1.14799654
2026-03-11 11:07:16,USDT,56.52966986,-0.32257053,-1.87244483,-1.29061243,1.26048653,54,0.42592593,1.20063182
2026-03-11 11:12:41,USDT,56.52772332,-0.41005796,-1.86090463,-1.27819560,1.23756396,53,0.41509434,1.13909456
2026-03-11 11:18:05,USDT,56.52953776,-0.46062063,-1.96901065,-1.29098899,1.22458663,51,0.41176471,1.10370761
2026-03-11 11:23:27,USDT,56.52977952,-0.46086715,-1.96979778,-1.29190930,1.22483315,51,0.41176471,1.10364296
2026-03-11 11:28:53,USDT,56.52959641,-0.51058904,-1.96768129,-1.28971920,1.20651504,50,0.40000000,1.06706242
2026-03-11 11:34:21,USDT,56.52965396,-0.51079932,-1.83420104,-1.29028323,1.20672532,50,0.40000000,1.06699985
2026-03-11 11:39:47,USDT,56.53124110,-0.51460069,-1.83296659,-1.30160687,1.21052669,50,0.40000000,1.06591085
2026-03-11 11:45:11,USDT,56.53151457,-0.68302676,-1.72539653,-1.30293306,1.19210976,49,0.38775510,0.95565976
2026-03-11 11:50:36,USDT,56.53110365,-0.67316548,-1.84071147,-1.29986847,1.18224848,48,0.39583333,0.96119630
2026-03-11 11:55:57,USDT,56.53070734,-0.67288916,-1.83963815,-1.29839894,1.18197216,48,0.39583333,0.96124916
2026-03-11 12:01:28,USDT,56.51634524,-0.48787391,-1.85586522,-1.31451849,1.17903691,47,0.40425532,1.09184094
2026-03-11 12:06:53,USDT,56.31805280,-0.49918962,-1.85973384,-1.31733198,1.19035262,47,0.40425532,1.09320432
2026-03-11 12:12:16,USDT,56.31179473,-0.49917015,-1.85960597,-1.31712175,1.19033315,47,0.40425532,1.09320432
2026-03-11 12:17:39,USDT,56.26858858,-0.49767556,-1.85565408,-1.31295917,1.18883856,47,0.40425532,1.09369532
2026-03-11 12:23:03,USDT,56.32344080,-0.49829023,-1.84594359,-1.31514003,1.18945323,47,0.40425532,1.09351260
2026-03-11 12:28:03,USDT,0.00000000,0.00000000,0.00000000,0.00000000,0.00000000,0,0.00000000,0.00000000
2026-03-11 12:33:25,USDT,55.94441057,-0.87290151,-2.17122566,-1.67918626,1.23033751,54,0.42592593,0.87502263
2026-03-11 12:38:48,USDT,56.05461713,-0.87703804,-2.18220653,-1.69105320,1.23447404,54,0.40740741,0.87409049
2026-03-11 12:44:14,USDT,55.98552880,-0.89312823,-2.19881868,-1.70731075,1.25056423,54,0.40740741,0.87392830
2026-03-11 12:49:39,USDT,55.94939565,-0.89100744,-2.19357431,-1.70196581,1.24844344,54,0.40740741,0.87441913
2026-03-11 12:55:01,USDT,56.08027998,-0.90924788,-2.39820674,-1.87509744,1.25768488,55,0.40000000,0.86274147
2026-03-11 13:00:23,USDT,56.09029586,-0.92557409,-2.41574557,-1.89271363,1.27401109,55,0.40000000,0.86255748
2026-03-11 13:05:47,USDT,56.10881332,-0.92618438,-2.41733331,-1.89443861,1.27462138,55,0.40000000,0.86242369
2026-03-11 13:11:12,USDT,56.17900349,-0.92758125,-2.42105529,-1.89857596,1.27601825,55,0.40000000,0.86212272
2026-03-11 13:16:36,USDT,56.14456213,-0.92845104,-2.42279638,-1.89991089,1.27688804,55,0.40000000,0.86190124
2026-03-11 13:22:01,USDT,56.15480170,-0.92718926,-2.41992583,-1.89723191,1.27562626,55,0.40000000,0.86220213
2026-03-11 13:27:23,USDT,56.22241685,-0.92882801,-2.42425468,-1.90200467,1.27726501,55,0.40000000,0.86184693
2026-03-11 13:32:48,USDT,56.25448238,-0.92942530,-2.42583112,-1.90374137,1.27786230,55,0.40000000,0.86171742
2026-03-11 13:38:15,USDT,56.31047293,-0.61135739,-2.07473449,-1.54230590,1.31103739,57,0.42105263,1.03162594
2026-03-11 13:43:40,USDT,56.31017318,-0.60992637,-2.07112740,-1.53845291,1.30960637,57,0.42105263,1.03198245
2026-03-11 13:49:04,USDT,56.31051166,-0.61043142,-2.07262839,-1.54030111,1.31011142,57,0.42105263,1.03187163
2026-03-11 13:54:28,USDT,56.31070881,-0.61119653,-2.07459827,-1.54244966,1.31087653,57,0.42105263,1.03168375
2026-03-11 13:59:52,USDT,56.31057148,-0.60978524,-2.07118870,-1.53896641,1.30946524,57,0.42105263,1.03204509
2026-03-11 14:05:19,USDT,56.31152709,-0.61456598,-2.08318197,-1.55171582,1.31424598,57,0.42105263,1.03085072
2026-03-11 14:10:47,USDT,56.31137354,-0.61453461,-2.08298429,-1.55137723,1.31421461,57,0.42105263,1.03085072
2026-03-11 14:16:13,USDT,56.31152366,-0.61520155,-2.08462796,-1.55309274,1.31488155,57,0.42105263,1.03068226
2026-03-11 14:21:40,USDT,56.31170872,-0.54645989,-2.09203083,-1.56058771,1.30085989,56,0.42857143,1.06560638
2026-03-11 14:27:08,USDT,56.32361218,-0.58197058,-2.13282783,-1.60219888,1.33637058,56,0.42857143,1.06476929
2026-03-11 14:32:33,USDT,56.22554967,-0.58239837,-2.13344933,-1.60237369,1.33679837,56,0.42857143,1.06462983
2026-03-11 14:38:01,USDT,55.96716216,-0.52985158,-2.07449651,-1.35660304,1.36039058,61,0.44262295,1.09099914
2026-03-11 14:43:25,USDT,55.96778453,-0.55692997,-2.07924569,-1.36197482,1.34462897,58,0.44827586,1.07180085
2026-03-11 14:48:49,USDT,55.94744834,-0.57753447,-2.10103316,-1.38386084,1.36523347,58,0.44827586,1.07158776
2026-03-11 14:54:11,USDT,55.92871712,-0.57813001,-2.10231108,-1.38496745,1.36582901,58,0.44827586,1.07141107
2026-03-11 14:59:33,USDT,55.94140774,-0.56953613,-2.10289029,-1.38566271,1.35723513,57,0.45614035,1.07657569
2026-03-11 15:04:56,USDT,55.96004489,-0.50531080,-2.10607667,-1.38901947,1.34970980,57,0.45614035,1.11104943
2026-03-11 15:10:21,USDT,55.93164049,-0.50400475,-2.10275004,-1.38542852,1.34840375,57,0.45614035,1.11140048
2026-03-11 15:15:47,USDT,55.95057963,-0.76446683,-2.10743021,-1.39025236,1.31336583,53,0.52830189,0.95726917
2026-03-11 15:21:10,USDT,55.97001961,-0.76467912,-2.10810732,-1.39114130,1.31357812,53,0.52830189,0.95723366
2026-03-11 15:26:38,USDT,55.98341423,-0.76484521,-2.10860595,-1.39176242,1.31374421,53,0.52830189,0.95720258
2026-03-11 15:32:02,USDT,55.99710797,-0.79691975,-2.10608649,-1.38936822,1.30387875,53,0.50943396,0.93741286
2026-03-11 15:37:28,USDT,55.99932242,-0.81646701,-2.10634365,-1.38964656,1.29516601,53,0.49056604,0.92716656
2026-03-11 15:42:53,USDT,55.95046895,-0.81449250,-2.10107441,-1.38392972,1.29319150,53,0.49056604,0.92757848
2026-03-11 15:48:16,USDT,55.96552361,-1.19046938,-2.11732788,-1.40035265,1.29338838,53,0.41509434,0.77754724
2026-03-11 15:53:43,USDT,56.05405296,-1.19248908,-2.12275629,-1.40625814,1.29540808,53,0.41509434,0.77720249
2026-03-11 15:59:09,USDT,56.06681896,-1.19269600,-2.12333901,-1.40692744,1.29561500,53,0.41509434,0.77716934
2026-03-11 16:04:33,USDT,56.03921415,-1.19197914,-1.99894920,-1.40493789,1.29489814,53,0.41509434,0.77729529
2026-03-11 16:09:57,USDT,55.98717969,-1.19098034,-1.99618820,-1.40177908,1.29389934,53,0.41509434,0.77745773
2026-03-11 16:15:20,USDT,55.96584345,-1.19037945,-1.99462082,-1.40012591,1.29329845,53,0.41509434,0.77756382
2026-03-11 16:20:42,USDT,55.98368044,-1.19056366,-1.99516854,-1.40081013,1.29348266,53,0.41509434,0.77753730
2026-03-11 16:26:06,USDT,56.01870803,-1.19113954,-1.99676985,-1.40265616,1.29405854,53,0.41509434,0.77744447
2026-03-11 16:28:00,USDT,55.99918336,-1.19072383,-1.99564318,-1.40140079,1.29364283,53,0.41509434,0.77751409
2026-03-11 16:33:25,USDT,56.01148295,-1.19196324,-1.99872769,-1.40441900,1.29488224,53,0.41509434,0.77728204
2026-03-11 16:38:51,USDT,56.08954373,-1.19422636,-2.00465026,-1.41069647,1.29714536,53,0.41509434,0.77688435
2026-03-11 16:44:15,USDT,56.03348204,-1.19283721,-2.00095326,-1.40668064,1.29575621,53,0.41509434,0.77712294
2026-03-11 16:49:37,USDT,56.03479803,-1.19274283,-2.00074326,-1.40651647,1.29566183,53,0.41509434,0.77714283
2026-03-11 16:55:00,USDT,56.08278755,-1.19347573,-2.00280466,-1.40892790,1.29639473,53,0.41509434,0.77702684
2026-03-11 17:00:25,USDT,56.06771739,-1.19323052,-2.00212575,-1.40814953,1.29614952,53,0.41509434,0.77706660
2026-03-11 17:05:49,USDT,55.99321568,-1.19113142,-1.99658400,-1.40219926,1.29405042,53,0.41509434,0.77743121
2026-03-11 17:11:13,USDT,55.96825680,-1.19114906,-1.99647917,-1.40184971,1.29406806,53,0.41509434,0.77741463
2026-03-11 17:16:37,USDT,55.98882399,-1.26083842,-1.99748477,-1.40296158,1.27878742,53,0.39622642,0.74505463
2026-03-11 17:22:02,USDT,55.97856358,-1.26089011,-1.99757765,-1.40298914,1.27883911,53,0.39622642,0.74504186
2026-03-11 17:27:27,USDT,55.95230467,-1.26021642,-1.99578529,-1.40107880,1.27816542,53,0.39622642,0.74515679
2026-03-11 17:32:55,USDT,55.97419208,-1.26067198,-1.99700970,-1.40240364,1.27862098,53,0.39622642,0.74508017
2026-03-11 17:38:22,USDT,55.96665763,-1.26038430,-1.99626696,-1.40164822,1.27833330,53,0.39622642,0.74513125
2026-03-11 17:43:47,USDT,55.98544615,-1.26133606,-1.99872191,-1.40414120,1.27928506,53,0.39622642,0.74496206
2026-03-11 17:49:10,USDT,56.00867698,-1.26207976,-2.00065514,-1.40612903,1.28002876,53,0.39622642,0.74483119
2026-03-11 17:54:36,USDT,55.96702683,-1.26123720,-1.99834060,-1.40354538,1.27918620,53,0.39622642,0.74496844
2026-03-11 18:00:00,USDT,55.98223858,-1.26175655,-1.99971337,-1.40499420,1.27970555,53,0.39622642,0.74487907
2026-03-11 18:05:24,USDT,56.01988767,-1.24788074,-2.00316466,-1.40858297,1.26582974,52,0.40384615,0.74938629
2026-03-11 18:10:48,USDT,56.00911946,-1.24738490,-2.00186983,-1.40726962,1.26533390,52,0.40384615,0.74947439
2026-03-11 18:16:15,USDT,55.93246740,-1.24535125,-1.99635494,-1.40133255,1.26330025,52,0.40384615,0.74981746
2026-03-11 18:21:38,USDT,55.93160188,-1.24556913,-1.99689954,-1.40184400,1.26351813,52,0.40384615,0.74977654
2026-03-11 18:27:03,USDT,55.94623927,-1.24606647,-1.99823622,-1.40326355,1.26401547,52,0.40384615,0.74969155
2026-03-11 18:32:25,USDT,55.98846926,-1.24694437,-1.98904642,-1.40592584,1.26489337,52,0.40384615,0.74954677
2026-03-11 18:37:48,USDT,56.01874444,-1.24793155,-1.99168542,-1.40870524,1.26588055,52,0.40384615,0.74937685
2026-03-11 18:43:16,USDT,56.00533329,-1.24759471,-1.99077009,-1.40771678,1.26554371,52,0.40384615,0.74943349
2026-03-11 18:48:41,USDT,56.00158376,-1.30754247,-1.99020610,-1.40713817,1.24965147,52,0.38461538,0.71955843
2026-03-11 18:54:08,USDT,56.06132967,-1.30917656,-1.99468590,-1.41194557,1.25128556,52,0.38461538,0.71928703
2026-03-11 18:59:36,USDT,56.08587224,-1.30917571,-1.99478368,-1.41221592,1.25128471,52,0.38461538,0.71929618
2026-03-11 19:04:58,USDT,56.08139754,-1.30965733,-1.99597634,-1.41328476,1.25176633,52,0.38461538,0.71920471
2026-03-11 19:10:21,USDT,56.05467471,-1.30935618,-1.89851378,-1.41217692,1.25146518,52,0.38461538,0.71924739
2026-03-11 19:15:46,USDT,56.14825874,-1.20836421,-1.70331478,-1.21785977,1.26880321,53,0.39622642,0.76178619
2026-03-11 19:21:15,USDT,56.09940731,-1.20581074,-1.69641907,-1.21047220,1.26624974,53,0.39622642,0.76223038
2026-03-11 19:26:42,USDT,56.06407566,-1.20348728,-1.69018946,-1.20388449,1.26392628,53,0.39622642,0.76263936
2026-03-11 19:32:08,USDT,56.02660631,-1.21754920,-1.80446204,-1.33457538,1.27895720,54,0.38888889,0.75812645
2026-03-11 19:37:32,USDT,56.02576457,-1.21585790,-1.79985865,-1.32950790,1.27726590,54,0.38888889,0.75841412
2026-03-11 19:42:57,USDT,56.01845990,-1.23255005,-1.80658293,-1.34771184,1.29395805,54,0.38888889,0.75821797
2026-03-11 19:48:23,USDT,56.06601541,-1.25029515,-1.82780489,-1.36934231,1.31170315,54,0.38888889,0.75785847
2026-03-11 19:53:47,USDT,56.00830652,-1.24921557,-1.82485066,-1.36598162,1.31062357,54,0.38888889,0.75803167
2026-03-11 19:59:13,USDT,55.99353092,-1.24894958,-1.82412082,-1.36514786,1.31035758,54,0.38888889,0.75807416
2026-03-11 20:04:39,USDT,56.01424299,-1.24914750,-1.82472053,-1.36593382,1.31055550,54,0.38888889,0.75804801
2026-03-11 20:10:04,USDT,55.98887230,-1.24821865,-1.82226005,-1.36327989,1.30962665,54,0.38888889,0.75820490
2026-03-11 20:15:30,USDT,55.98369170,-1.24866328,-1.82336934,-1.36435008,1.31007128,54,0.38888889,0.75812318
2026-03-11 20:20:56,USDT,55.96441652,-1.24781235,-1.82118391,-1.36211937,1.30922035,54,0.38888889,0.75827354
2026-03-11 20:26:20,USDT,55.91610902,-1.24680608,-1.81848445,-1.35914516,1.30821408,54,0.38888889,0.75844028
2026-03-11 20:31:45,USDT,55.93413630,-1.24713776,-1.81936780,-1.36010672,1.30854576,54,0.38888889,0.75838470
2026-03-11 20:37:11,USDT,55.94369102,-1.24773451,-1.82087534,-1.36159780,1.30914251,54,0.38888889,0.75827681
2026-03-11 20:42:38,USDT,55.95503216,-1.24796347,-1.82151005,-1.36233438,1.30937148,54,0.38888889,0.75824085
2026-03-11 20:48:05,USDT,55.81433846,-1.37605098,-1.97194116,-1.55801845,1.32166598,55,0.38181818,0.71966534
2026-03-11 20:53:29,USDT,55.85377142,-1.37832414,-1.97791836,-1.56446591,1.32393914,55,0.38181818,0.71930550
2026-03-11 20:58:53,USDT,55.84551964,-1.37760820,-1.97608664,-1.56258274,1.32322320,55,0.38181818,0.71942336
2026-03-11 21:04:17,USDT,55.83561965,-1.37694563,-1.97438566,-1.56082310,1.32256063,55,0.38181818,0.71953193
2026-03-11 21:09:43,USDT,55.86638248,-1.43889812,-1.97737743,-1.56405257,1.30791112,55,0.36363636,0.69121654
2026-03-11 21:15:07,USDT,55.81939192,-1.43879190,-1.99325108,-1.57978525,1.30780490,54,0.37037037,0.69546806
2026-03-11 21:20:32,USDT,55.82529639,-1.43806804,-1.99146773,-1.57814905,1.30708104,54,0.37037037,0.69559253
2026-03-11 21:26:08,USDT,55.85289568,-1.43920322,-1.99449350,-1.58139091,1.30821622,54,0.37037037,0.69541769
2026-03-11 21:31:32,USDT,55.82134084,-1.42228135,-1.99106704,-1.57776482,1.29129435,53,0.37735849,0.69991015
2026-03-11 21:36:57,USDT,55.81139030,-1.54367200,-1.99036774,-1.57699144,1.25949200,53,0.33962264,0.64391547
2026-03-11 21:42:24,USDT,55.85506353,-1.54499937,-1.99406503,-1.58099434,1.26081937,53,0.33962264,0.64372202
2026-03-11 21:47:55,USDT,55.85728998,-1.54497237,-1.99397645,-1.58087180,1.26079237,53,0.33962264,0.64372475
2026-03-11 21:53:23,USDT,55.86493647,-1.30617119,-1.99489293,-1.58177285,1.19793519,51,0.35294118,0.70033399
2026-03-11 21:58:47,USDT,55.88480305,-1.30667766,-1.99636976,-1.58334743,1.19844166,51,0.35294118,0.70024884
2026-03-11 22:04:13,USDT,55.70924564,-1.30291274,-1.98524717,-1.57116909,1.19467674,51,0.35294118,0.70086565
2026-03-11 22:09:38,USDT,55.62832930,-1.51861307,-2.04954379,-1.68247329,1.22508707,54,0.33333333,0.64205231
2026-03-11 22:15:01,USDT,55.62800261,-1.51817398,-2.04832790,-1.68126769,1.22464798,54,0.33333333,0.64212279
2026-03-11 22:20:26,USDT,55.63529776,-1.53363452,-2.06379587,-1.69693426,1.24010852,54,0.33333333,0.64213906
2026-03-11 22:25:52,USDT,55.63557384,-1.53347881,-2.06336592,-1.69650224,1.23995281,54,0.33333333,0.64216346
2026-03-11 22:31:18,USDT,55.63646275,-1.53398072,-2.06475203,-1.69789556,1.24045472,54,0.33333333,0.64208484
2026-03-11 22:36:44,USDT,55.60642953,-1.57853569,-2.06030163,-1.69314778,1.20738769,53,0.32075472,0.61827752
2026-03-11 22:42:11,USDT,55.64075773,-1.57986721,-2.06422015,-1.69739455,1.20871921,53,0.32075472,0.61808719
2026-03-11 22:47:35,USDT,55.58944068,-1.59402783,-2.07577558,-1.70889338,1.22287983,53,0.32075472,0.61830067
2026-03-11 22:53:01,USDT,55.52326699,-1.59217857,-2.07042343,-1.70318726,1.22103057,53,0.32075472,0.61856568
2026-03-11 22:58:24,USDT,55.47492814,-1.69832139,-2.30635338,-1.93907707,1.23527339,54,0.31481481,0.59394857
2026-03-11 23:03:50,USDT,55.47568339,-1.69863386,-2.30722699,-1.93995892,1.23558586,54,0.31481481,0.59390394
2026-03-11 23:09:16,USDT,55.47520146,-1.57815692,-2.30956236,-1.94228194,1.20492492,53,0.32075472,0.61811865
2026-03-11 23:14:47,USDT,55.46290226,-1.57785559,-2.30864785,-1.94124807,1.20462359,53,0.32075472,0.61815977
2026-03-11 23:20:14,USDT,55.41313070,-1.57492144,-2.30003109,-1.93213944,1.20168944,53,0.32075472,0.61858914
2026-03-11 23:25:38,USDT,55.36327220,-1.68609986,-2.46437414,-2.13844746,1.20041586,53,0.32075472,0.59287235
2026-03-11 23:31:01,USDT,55.36374330,-1.68715702,-2.46744675,-2.14158799,1.20147302,53,0.32075472,0.59272245
2026-03-11 23:36:26,USDT,55.36309757,-1.63474830,-2.46469824,-2.13840833,1.15356430,52,0.30769231,0.58800837
2026-03-11 23:41:52,USDT,55.37075014,-1.66328476,-2.48839618,-2.16162264,1.18210076,52,0.30769231,0.58833358
2026-03-11 23:47:17,USDT,55.40593938,-1.66448663,-2.49201218,-2.16540740,1.18330263,52,0.30769231,0.58816617
2026-03-11 23:52:44,USDT,55.25892709,-1.64584758,-2.48296728,-2.15546212,1.16466358,51,0.31372549,0.59212649
2026-03-11 23:58:10,USDT,55.29817869,-1.70804975,-2.48536788,-2.15799340,1.14971875,51,0.29411765,0.56485170
2026-03-12 00:03:34,USDT,55.32930048,-1.70880022,-2.48773517,-2.16058296,1.15046922,51,0.29411765,0.56475476
2026-03-12 00:09:03,USDT,55.33679866,-1.70953869,-2.48996273,-2.16276112,1.15120769,51,0.29411765,0.56464882
2026-03-12 00:14:29,USDT,55.31771040,-1.70882681,-2.48776521,-2.16047923,1.15049581,51,0.29411765,0.56474574
2026-03-12 00:19:53,USDT,55.32817149,-1.70863020,-2.48722620,-2.16009559,1.15029920,51,0.29411765,0.56477956
2026-03-12 00:25:21,USDT,55.38585328,-1.71059812,-2.49331990,-2.16647227,1.15226712,51,0.29411765,0.56451360
2026-03-12 00:30:47,USDT,55.37102065,-1.70968105,-2.49050211,-2.16358039,1.15135005,51,0.29411765,0.56463980
2026-03-12 00:36:16,USDT,55.41652759,-1.71019064,-2.49220079,-2.16567009,1.15185964,51,0.29411765,0.56458346
2026-03-12 00:41:39,USDT,55.43730016,-1.71101835,-2.49471233,-2.16816517,1.15268735,51,0.29411765,0.56446628
2026-03-12 00:47:06,USDT,55.26404825,-1.70862602,-2.48707742,-2.15958872,1.15029502,51,0.29411765,0.56476603
2026-03-12 00:52:29,USDT,55.21973302,-1.83404648,-2.72500227,-2.47782424,1.16521148,52,0.28846154,0.53878327
2026-03-12 00:57:54,USDT,55.22305326,-1.83444342,-2.72623021,-2.47913553,1.16560842,52,0.28846154,0.53873379
2026-03-12 01:03:21,USDT,55.23329466,-1.83472267,-2.72714325,-2.48023378,1.16588767,52,0.28846154,0.53870367
2026-03-12 01:08:46,USDT,55.24835892,-1.85058079,-2.74416831,-2.49759224,1.18174579,52,0.28846154,0.53864774
2026-03-12 01:14:11,USDT,55.25039586,-1.85064787,-2.74437003,-2.49779808,1.18181287,52,0.28846154,0.53863914
2026-03-12 01:19:36,USDT,55.24165061,-1.84966557,-2.74144929,-2.49490100,1.18083057,52,0.28846154,0.53876821
2026-03-12 01:25:01,USDT,55.20948802,-1.84934742,-2.74042319,-2.49368042,1.18051242,52,0.28846154,0.53880263
2026-03-12 01:30:26,USDT,55.19003943,-1.83300485,-2.73852680,-2.49172127,1.16416985,51,0.29411765,0.54200303
2026-03-12 01:35:51,USDT,55.13932547,-1.81660301,-2.65907335,-2.48838026,1.14776801,50,0.30000000,0.54522009
2026-03-12 01:41:15,USDT,55.17692596,-1.81715740,-2.66084370,-2.49037046,1.14832240,50,0.30000000,0.54515527
2026-03-12 01:46:45,USDT,55.16208411,-1.81742149,-2.66159167,-2.49090833,1.14858649,50,0.30000000,0.54511346
2026-03-12 01:52:14,USDT,55.15724910,-1.81736472,-2.66138902,-2.49061255,1.14852972,50,0.30000000,0.54511764
2026-03-12 01:57:40,USDT,55.13984015,-1.81721514,-2.66090473,-2.49004703,1.14838014,50,0.30000000,0.54513437
2026-03-12 02:03:04,USDT,55.21257448,-1.81846707,-2.66484796,-2.49430649,1.14963207,50,0.30000000,0.54498177
2026-03-12 02:08:28,USDT,55.21939458,-1.81946901,-2.66793863,-2.49743507,1.15063401,50,0.30000000,0.54485220
2026-03-12 02:13:53,USDT,55.21510720,-1.81952855,-2.66809833,-2.49751788,1.15069355,50,0.30000000,0.54484176
2026-03-12 02:19:18,USDT,55.20336045,-1.81911075,-2.66679400,-2.49614640,1.15027575,50,0.30000000,0.54489400
2026-03-12 02:24:45,USDT,55.14394103,-1.71402152,-2.66258862,-2.49156630,1.13350652,50,0.30000000,0.56349930
2026-03-12 02:30:14,USDT,55.14544312,-1.60915209,-2.55340864,-2.49238184,1.11804109,50,0.30000000,0.58345189
2026-03-12 02:35:39,USDT,55.17238402,-1.60938610,-2.55420443,-2.49342777,1.11827510,50,0.30000000,0.58342651
2026-03-12 02:41:03,USDT,55.23168355,-1.51009097,-2.55734361,-2.49694556,1.05708797,48,0.29166667,0.59059550
2026-03-12 02:46:28,USDT,55.22234153,-1.55497693,-2.55712310,-2.49665342,1.02598393,45,0.28888889,0.56628864
2026-03-12 02:51:54,USDT,55.19873625,-1.55474108,-2.55627070,-2.49559182,1.02574808,45,0.28888889,0.56631748
2026-03-12 02:57:18,USDT,55.24381896,-1.55540392,-2.55863300,-2.49829408,1.02641092,45,0.28888889,0.56622654
2026-03-12 03:02:43,USDT,55.20021944,-1.55427644,-2.55466882,-2.49415480,1.02528344,45,0.28888889,0.56639734
2026-03-12 03:08:09,USDT,55.23318565,-1.55510334,-2.55757967,-2.49722029,1.02611034,45,0.28888889,0.56627312
2026-03-12 03:13:35,USDT,55.27120379,-1.55619951,-2.56143277,-2.50123598,1.02720651,45,0.28888889,0.56610678
2026-03-12 03:18:59,USDT,55.28124231,-1.55645045,-2.56231609,-2.50216591,1.02745745,45,0.28888889,0.56606908
2026-03-12 03:24:21,USDT,55.30390122,-1.55696240,-2.56412330,-2.50410615,1.02796940,45,0.28888889,0.56599369
2026-03-12 03:29:45,USDT,55.30545517,-1.55666450,-2.56309566,-2.50317970,1.02767150,45,0.28888889,0.56604469
2026-03-12 03:35:10,USDT,55.29792848,-1.40876459,-2.56345122,-2.50344999,0.98624259,44,0.29545455,0.59759292
2026-03-12 03:40:34,USDT,55.24220975,-1.38649979,-2.55735123,-2.49700890,0.96397779,43,0.30232558,0.60332786
2026-03-12 03:46:01,USDT,55.27276043,-1.38740892,-2.56063125,-2.50051632,0.96488692,43,0.30232558,0.60317738
2026-03-12 03:51:27,USDT,55.26941942,-1.38735209,-2.56043112,-2.50031277,0.96483009,43,0.30232558,0.60318709
2026-03-12 03:56:58,USDT,55.29076886,-1.38763267,-2.56148761,-2.50153755,0.96511067,43,0.30232558,0.60314341
2026-03-12 04:02:26,USDT,55.30164196,-1.38782423,-2.56218123,-2.50228460,0.96530223,43,0.30232558,0.60311187
2026-03-12 04:07:52,USDT,55.26610739,-1.38749665,-2.56090818,-2.50072731,0.96497465,43,0.30232558,0.60316040
2026-03-12 04:13:20,USDT,55.26920591,-1.38742465,-2.56065193,-2.50046082,0.96490265,43,0.30232558,0.60317253
2026-03-12 04:18:45,USDT,55.30505912,-1.38835802,-2.56400594,-2.50401835,0.96583602,43,0.30232558,0.60301724
2026-03-12 04:24:11,USDT,55.31922607,-1.38851404,-2.56459378,-2.50470057,0.96599204,43,0.30232558,0.60299298
2026-03-12 04:29:40,USDT,55.35304432,-1.38888900,-2.56604677,-2.50646964,0.96636700,43,0.30232558,0.60293718
2026-03-12 04:35:06,USDT,55.40875550,-1.18840133,-2.63436272,-2.61865310,0.99919433,45,0.33333333,0.69235981
2026-03-12 04:40:32,USDT,55.40855564,-1.28231287,-2.63077136,-2.61485027,0.94135787,44,0.29545455,0.63786036
2026-03-12 04:45:55,USDT,55.40867633,-1.28268298,-2.63203661,-2.61609049,0.94172798,44,0.29545455,0.63779285
2026-03-12 04:51:20,USDT,55.40865819,-1.28229040,-2.63075784,-2.61492088,0.94133540,44,0.29545455,0.63786555
2026-03-12 04:56:45,USDT,55.40842012,-1.28153019,-2.61687702,-2.61257993,0.94057519,44,0.29545455,0.63800579
2026-03-12 05:02:09,USDT,55.40922037,-1.28346181,-2.62373443,-2.61963859,0.94250681,44,0.29545455,0.63765785
2026-03-12 05:07:40,USDT,55.40919172,-1.28333240,-2.62327837,-2.61917343,0.94237740,44,0.29545455,0.63768121
2026-03-12 05:13:08,USDT,55.40885902,-1.28292665,-2.62166562,-2.61729348,0.94197165,44,0.29545455,0.63775131
2026-03-12 05:18:36,USDT,55.41079233,-1.28611922,-2.63382120,-2.63085440,0.94516422,44,0.29545455,0.63719075
2026-03-12 05:24:01,USDT,55.39176250,-1.30005469,-2.64400299,-2.64072920,0.95909969,44,0.29545455,0.63744502
2026-03-12 05:29:28,USDT,55.34884849,-1.29931031,-2.64111493,-2.63740567,0.95835531,44,0.29545455,0.63757219
2026-03-12 05:34:56,USDT,55.35809809,-1.29955063,-2.64201965,-2.63841499,0.95859563,44,0.29545455,0.63753066
2026-03-12 05:40:23,USDT,55.35860165,-1.34487994,-2.64107771,-2.63747874,0.92698394,43,0.27906977,0.61066976
2026-03-12 05:45:50,USDT,55.36192515,-1.34486862,-2.64106608,-2.63750462,0.92697262,43,0.27906977,0.61067220
2026-03-12 05:51:15,USDT,55.37415372,-1.34500685,-2.64167843,-2.63827729,0.92711085,43,0.27906977,0.61065026
2026-03-12 05:56:46,USDT,55.37384631,-1.34527404,-2.64262732,-2.63922732,0.92737804,43,0.27906977,0.61060394
2026-03-12 06:02:15,USDT,55.37412193,-1.34504728,-2.73746534,-2.63837871,0.92715128,43,0.27906977,0.61064294
2026-03-12 06:07:41,USDT,55.37147685,-1.34439852,-2.73514322,-2.63602679,0.92650252,43,0.27906977,0.61075509
2026-03-12 06:13:09,USDT,55.33761107,-1.34427238,-2.73442532,-2.63491076,0.92637638,43,0.27906977,0.61077216
2026-03-12 06:18:38,USDT,55.32309254,-1.34351566,-2.73162707,-2.63194564,0.92561966,43,0.27906977,0.61090141
2026-03-12 06:24:07,USDT,55.31357265,-1.34352167,-2.73156986,-2.63177280,0.92562567,43,0.27906977,0.61089897
2026-03-12 06:29:42,USDT,55.32353793,-1.34454185,-2.73526727,-2.63558465,0.92664585,43,0.27906977,0.61072340
2026-03-12 06:35:11,USDT,55.32296548,-1.34451332,-2.73516199,-2.63547340,0.92661732,43,0.27906977,0.61072827
2026-03-12 06:40:40,USDT,55.36443240,-1.34532040,-2.62888988,-2.63915362,0.92742440,43,0.27906977,0.61059419
2026-03-12 06:46:06,USDT,55.52788310,-1.21918951,-2.37165692,-2.30112091,0.94739351,44,0.29545455,0.66715817
2026-03-12 06:51:33,USDT,55.52694692,-1.21770034,-2.45829177,-2.29480759,0.94590434,44,0.29545455,0.66742570
2026-03-12 06:57:02,USDT,55.52701323,-1.21757349,-2.45786244,-2.29440703,0.94577749,44,0.29545455,0.66744954
2026-03-12 07:02:28,USDT,55.52754860,-1.21871727,-2.46199275,-2.29876362,0.94692127,44,0.29545455,0.66724027
2026-03-12 07:07:57,USDT,55.52734415,-1.21860591,-2.46150755,-2.29810054,0.94680991,44,0.29545455,0.66725881
2026-03-12 07:13:23,USDT,55.52723907,-1.21844474,-2.46090980,-2.29744132,0.94664874,44,0.29545455,0.66728795
2026-03-12 07:18:52,USDT,55.52754058,-1.21867320,-2.46194838,-2.29892592,0.94687720,44,0.29545455,0.66725086
2026-03-12 07:24:18,USDT,55.52816036,-1.21995834,-2.46668092,-2.30408487,0.94816234,44,0.29545455,0.66701782
2026-03-12 07:29:44,USDT,55.52812639,-1.21939677,-2.35073020,-2.30236482,0.94760077,44,0.29545455,0.66712374
2026-03-12 07:35:10,USDT,55.52858988,-1.06619417,-2.35365433,-2.30568236,0.91759817,43,0.30232558,0.71009092
2026-03-12 07:40:35,USDT,55.51923690,-1.08316950,-2.37488048,-2.32773494,0.93457350,43,0.30232558,0.70979959
2026-03-12 07:46:00,USDT,55.52038752,-1.06698916,-2.37380984,-2.32671894,0.91839316,42,0.30952381,0.71516440
2026-03-12 07:51:24,USDT,55.53650627,-1.06719589,-2.37466363,-2.32779129,0.91859989,42,0.30952381,0.71512552
2026-03-12 07:56:49,USDT,55.51204773,-1.06709273,-2.37413457,-2.32692893,0.91849673,42,0.30952381,0.71514218
2026-03-12 08:02:14,USDT,55.50286716,-1.05077113,-2.37139686,-2.32409013,0.90217513,41,0.31707317,0.72057371
2026-03-12 08:07:41,USDT,55.49934094,-1.12001858,-2.36928854,-2.32191761,0.88598258,41,0.29268293,0.68253203
2026-03-12 08:13:07,USDT,55.47886196,-1.11981507,-2.36839569,-2.32074883,0.88577907,41,0.29268293,0.68256851
2026-03-12 08:18:33,USDT,55.50549115,-1.12111718,-2.37347171,-2.32618000,0.88708118,41,0.29268293,0.68231838
2026-03-12 08:24:01,USDT,55.50670452,-1.12109158,-2.37338308,-2.32610914,0.88705558,41,0.29268293,0.68232359
2026-03-12 08:29:27,USDT,55.49262350,-1.02808027,-2.37194455,-2.32448073,0.87085027,41,0.29268293,0.70797993
2026-03-12 08:34:53,USDT,55.51728123,-1.02916095,-2.37624662,-2.32911064,0.87193095,41,0.29268293,0.70775711
2026-03-12 08:40:19,USDT,55.54215840,-1.02954789,-2.37788351,-2.33108084,0.87231789,41,0.29268293,0.70768010
2026-03-12 08:45:45,USDT,55.55208805,-1.03072147,-2.38245544,-2.33578527,0.87349147,41,0.29268293,0.70743537
2026-03-12 08:51:07,USDT,55.45866620,-1.02906043,-2.37550579,-2.32757753,0.87183043,41,0.29268293,0.70776811
2026-03-12 08:56:32,USDT,55.41665416,-1.07296798,-2.37270087,-2.32420299,0.83954398,40,0.27500000,0.67841716
2026-03-12 09:01:56,USDT,55.42392956,-1.07312521,-2.37337118,-2.32497028,0.83970121,40,0.27500000,0.67838623
2026-03-12 09:07:24,USDT,55.38792998,-1.07206181,-2.35656604,-2.32003057,0.83863781,40,0.27500000,0.67859758
2026-03-12 09:12:52,USDT,55.38164444,-1.08875204,-2.37636580,-2.33985355,0.85532804,40,0.27500000,0.67838623
2026-03-12 09:18:18,USDT,55.44981098,-1.08957710,-2.37981991,-2.34377346,0.85615310,40,0.27500000,0.67822647
2026-03-12 09:23:47,USDT,55.50580038,-1.09079896,-2.38482483,-2.34921824,0.85737496,40,0.27500000,0.67798691
2026-03-12 09:29:12,USDT,55.49662531,-1.13631031,-2.38534364,-2.34960727,0.82573931,39,0.25641026,0.64806142
2026-03-12 09:34:39,USDT,55.44455404,-1.10410370,-2.38312561,-2.34688110,0.79353270,37,0.27027027,0.65834088
2026-03-12 09:40:03,USDT,55.45734320,-1.18186787,-2.38127381,-2.34528200,0.77715487,37,0.24324324,0.61480211
2026-03-12 09:45:33,USDT,55.51190981,-1.18261086,-2.29828984,-2.34928678,0.77789786,37,0.24324324,0.61467018
2026-03-12 09:51:00,USDT,55.58681291,-1.06767536,-2.20072796,-2.25204321,0.79688236,38,0.26315789,0.67214827
2026-03-12 09:56:27,USDT,55.54069775,-1.06681813,-2.19682209,-2.24749078,0.79602513,38,0.26315789,0.67231265
2026-03-12 10:02:02,USDT,55.54621518,-1.06639340,-2.19502171,-2.24573872,0.79560040,38,0.26315789,0.67239844
2026-03-12 10:07:30,USDT,55.57929653,-1.06724184,-2.19883484,-2.25004777,0.79644884,38,0.26315789,0.67223403
2026-03-12 10:12:56,USDT,55.56060260,-1.04968404,-2.19186519,-2.24282234,0.77889104,37,0.27027027,0.67787018
2026-03-12 10:18:26,USDT,55.50154924,-1.17627650,-2.18543786,-2.23553389,0.76180350,37,0.24324324,0.60995526
2026-03-12 10:23:55,USDT,55.44526795,-1.33590020,-2.20068198,-2.12355136,0.77542720,41,0.21951220,0.56538761
2026-03-12 10:29:23,USDT,55.44553651,-1.58981453,-2.19277066,-2.12759712,0.75955753,41,0.19512195,0.44654026
2026-03-12 10:34:49,USDT,55.56936155,-1.62232953,-2.23072759,-2.16734025,0.79207253,41,0.19512195,0.44635038
2026-03-12 10:40:14,USDT,55.56070514,-1.31347855,-2.22177552,-2.17986231,0.74314354,40,0.22500000,0.53613875
2026-03-12 10:45:40,USDT,55.50843537,-1.04134550,-2.21549650,-2.17255307,0.70989450,39,0.23076923,0.61288739
2026-03-12 10:51:04,USDT,55.53459126,-1.04176066,-2.21770991,-2.17533345,0.71030966,39,0.23076923,0.61280249
2026-03-12 10:56:30,USDT,55.47874362,-1.00812479,-2.20570163,-2.16156882,0.67667379,33,0.27272727,0.62423632
2026-03-12 11:01:56,USDT,55.61429846,-1.02641166,-2.23612546,-2.19418809,0.69496066,33,0.27272727,0.62364647
2026-03-12 11:07:21,USDT,55.66957737,-0.88991046,-2.02568665,-1.96746943,0.71055946,34,0.29411765,0.70139979
2026-03-12 11:12:45,USDT,55.71130296,-0.89079178,-2.03027205,-1.97279659,0.71144078,34,0.29411765,0.70120120
2026-03-12 11:18:14,USDT,55.64552374,-0.88907595,-2.02189257,-1.96464305,0.70972495,34,0.29411765,0.70161101
2026-03-12 11:23:39,USDT,55.59412156,-0.88731606,-2.01275064,-1.95406449,0.70796505,34,0.29411765,0.70200845
2026-03-12 11:29:06,USDT,55.53807851,-0.99011512,-2.00447491,-1.94419582,0.72231412,35,0.28571429,0.66297426
2026-03-12 11:34:33,USDT,55.53679802,-0.98827097,-1.99499150,-1.93303847,0.72046997,35,0.28571429,0.66336085
2026-03-12 11:39:59,USDT,55.48062187,-1.00305597,-1.87332494,-1.94380184,0.73525497,35,0.28571429,0.66351938
